Workbook

Sheet Assumptions
A1: Global Assumptions and Thresholds
A3: Item | B3: Value | C3: Unit | D3: Type | E3: Notes
A4: T0 | B4: 263.15 | C4: K | D4: fixed model input | E4: Initial system temperature
A5: Tm | B5: 273.15 | C5: K | D5: fixed model input | E5: Effective melting temperature
A6: V_ice | B6: 0.00016558 | C6: m^3 | D6: fixed geometry output | E6: Baseline COMSOL ice-cream volume
A7: noticeable_melt_mass | B7: 5 | C7: g | D7: practical threshold | E7: Suggested threshold for noticeable melting
A8: noticeable_soggy_mass | B8: 0.6 | C8: g | D8: practical threshold | E8: Suggested threshold for noticeable sogginess
A9: unacceptable_soggy_mass | B9: 0.8 | C9: g | D9: practical threshold | E9: Suggested threshold for unacceptable sogginess

Sheet Bound_Types
A1: Bound Type Definitions
A3: Ice Cream Types
A4: ice_level | B4: ice_type | C4: rho_ice_kg_m3 | D4: Cp_ice_J_kgK | E4: dH_melt_J_kg | F4: source_status | G4: source_note | H4: Implement in COMSOL? | I4: Implement in Excel? | J4: Comments
A5: 1 | B5: Light / airy | C5: 500 | D5: 2750 | E5: 186000 | F5: literature-informed scenario | G5: density anchored by overrun logic; latent heat anchored by frozen dessert thermal table | H5: rho_ice yes | I5: dH_melt post-process
A6: 2 | B6: Standard | C6: 550 | D6: 2750 | E6: 200000 | F6: literature-anchored | G6: best baseline anchor | H6: rho_ice yes | I6: dH_melt post-process
A7: 3 | B7: Dense / premium | C7: 600 | D7: 2750 | E7: 204000 | F7: literature-informed scenario | G7: dense type grouped from lower-overrun / premium logic | H7: rho_ice yes | I7: dH_melt post-process
A10: Cone Types
A11: cone_level | B11: cone_type | C11: t_cone_mm | D11: Deff_m2_s | E11: source_status | F11: source_note | G11: Implement in COMSOL? | H11: Implement in Excel? | I11: Comments
A12: 1 | B12: Thin / easily soggy | C12: 2.6 | D12: 2e-10 | E12: mixed: thickness anchored; Deff effective | F12: thickness rounded from waffle-cone data; Deff to calibrate | G12: yes | H12: no
A13: 2 | B13: Standard | C13: 2.7 | D13: 1e-10 | E13: mixed: thickness anchored; Deff effective | F13: baseline cone | G13: yes | H13: no
A14: 3 | B14: More resistant | C14: 2.8 | D14: 5e-11 | E14: mixed: thickness anchored; Deff effective | F14: slower wetting scenario | G14: yes | H14: no
A17: Environment Levels
A18: temp_level | B18: Tinf_label | C18: Tinf_K | D18: h_level | E18: h_label | F18: h_conv_W_m2K | G18: source_status | H18: Implement in COMSOL? | I18: Comments
A19: 1 | B19: Cool indoor | C19: 293.15 | D19: 1 | E19: Low air motion | F19: 5 | G19: scenario variable | H19: yes
A20: 2 | B20: Standard room | C20: 298.15 | D20: 2 | E20: Standard | F20: 8 | G20: scenario variable | H20: yes
A21: 3 | B21: Warm / outdoor-like | C21: 303.15 | D21: 3 | E21: High air motion | F21: 12 | G21: scenario variable | H21: yes

Sheet COMSOL_Where_To_Read
A1: Where to Read Each Required Value in COMSOL
A3: Workbook field | B3: What it means | C3: COMSOL location | D3: Expression / table | E3: What to copy
A4: onset_t1 / onset_E1 / onset_t2 / onset_E2 | B4: Two E_ice points that bracket Qreq_melt | C4: Results > Derived Values > Volume Integration 3 (heat) | D4: rho_ice*Cp_ice*(T-T0) | E4: Read the two adjacent rows around Qreq_melt
A5: notice_melt_t1 / E1 / t2 / E2 | B5: Two E_ice points that bracket Q_noticeable_melt | C5: Results > Derived Values > Volume Integration 3 (heat) | D5: rho_ice*Cp_ice*(T-T0) | E5: Read the two adjacent rows around Q_noticeable_melt
A6: E_ice_1800_J | B6: Ice-cream sensible energy at final time | C6: Results > Derived Values > Volume Integration 3 (heat) | D6: rho_ice*Cp_ice*(T-T0) | E6: Copy the row at t = 1800 s
A7: notice_soggy_t1 / M1 / t2 / M2 | B7: Two M_abs points that bracket 0.60 g | C7: Results > Derived Values > Volume Integration 4 (sogginess) | D7: rho_liq*eps_cone*sat | E7: Read the two adjacent rows around 0.00060 kg and convert to g in Excel input columns if requested
A8: bad_soggy_t1 / M1 / t2 / M2 | B8: Two M_abs points that bracket 0.80 g | C8: Results > Derived Values > Volume Integration 4 (sogginess) | D8: rho_liq*eps_cone*sat | E8: Read the two adjacent rows around 0.00080 kg and convert to g in Excel input columns if requested
A9: M_abs_1800_kg | B9: Absorbed liquid mass at final time | C9: Results > Derived Values > Volume Integration 4 (sogginess) | D9: rho_liq*eps_cone*sat | E9: Copy the row at t = 1800 s
A10: sat_int_1800_m3 | B10: Integral of saturation over cone wall at final time | C10: Results > Derived Values > Volume Integration 4 (sogginess) | D10: sat | E10: Copy the row at t = 1800 s
A11: V_cone_1800_m3 | B11: Cone-wall volume | C11: Results > Derived Values > Volume Integration 4 (sogginess) | D11: 1 | E11: Copy the volume value (usually constant)

Sheet Case_Auto
A1: 27-Case Auto-Calculation Data Collection Table
A3: Case | B3: A_T_level | C3: B_h_level | D3: C_ice_level | E3: D_cone_level | F3: Tinf_K | G3: h_conv_W_m2K | H3: ice_type | I3: rho_ice_kg_m3 | J3: Cp_ice_J_kgK | K3: dH_melt_J_kg | L3: V_ice_m3 | M3: m_ice_kg | N3: Qreq_melt_J | O3: noticeable_melt_mass_g | P3: Q_noticeable_melt_J | Q3: cone_type | R3: t_cone_mm | S3: Deff_eff_m2_s | T3: V_cone_1800_m3 | U3: sat_int_1800_m3 | V3: M_abs_1800_kg | W3: M_abs_1800_g | X3: SI_1800 | Y3: E_ice_1800_J | Z3: M_melt_1800_g | AA3: onset_t1_s | AB3: onset_E1_J | AC3: onset_t2_s | AD3: onset_E2_J | AE3: t_melt_onset_s | AF3: notice_melt_t1_s | AG3: notice_melt_E1_J | AH3: notice_melt_t2_s | AI3: notice_melt_E2_J | AJ3: t_noticeable_melt_s | AK3: notice_soggy_t1_s | AL3: notice_soggy_M1_g | AM3: notice_soggy_t2_s | AN3: notice_soggy_M2_g | AO3: t_noticeable_soggy_s | AP3: bad_soggy_t1_s | AQ3: bad_soggy_M1_g | AR3: bad_soggy_t2_s | AS3: bad_soggy_M2_g | AT3: t_unacceptably_soggy_s | AU3: t_finish_s | AV3: m_cone_dry_g | AW3: M_abs_notice_g | AX3: M_abs_bad_g
A4: 1 | B4: 1 | C4: 1 | D4: 1 | E4: 1 | F4: 293.15 | G4: 5 | H4: Light / airy | I4: 500 | J4: 2750 | K4: 186000 | L4: =Assumptions!$B$6 -> 0.00016558 | M4: =I4*L4 -> 0.08279 | N4: =M4*J4*(Assumptions!$B$5-Assumptions!$B$4) -> 2276.725 | O4: =Assumptions!$B$7 -> 5 | P4: =N4+(O4/1000)*K4 -> 3206.725 | Q4: Thin / easily soggy | R4: 2.58 | S4: 5e-12 | T4: 1.5219e-05 | U4: 1.3264e-06 | V4: 0.0010611 | W4: =IF(V4="","",V4*1000) -> 1.0611 | X4: =IF(OR(U4="",T4=""),"",U4/T4) -> 0.087154215 | Y4: 2934.3 | Z4: =IF(OR(Y4="",N4="",K4=""),"",MAX(0,(Y4-N4)/K4)*1000) -> 3.5353495 | AA4: 1280 | AB4: 2254.5 | AC4: 1300 | AD4: 2282.1 | AE4: =IF(OR(AA4="",AB4="",AC4="",AD4=""),"",AA4+(N4-AB4)/(AD4-AB4)*(AC4-AA4)) -> 1296.1051 | AF4: 2040 | AG4: 3184.7 | AH4: 2060 | AI4: 3207.3 | AJ4: =IF(OR(AF4="",AG4="",AH4="",AI4=""),"",AF4+(P4-AG4)/(AI4-AG4)*(AH4-AF4)) -> 2059.4911 | AK4: 1293.7 | AL4: 0.11762 | AM4: 1293.8 | AN4: 0.12938 | AO4: =IF(OR(AK4="",AL4="",AM4="",AN4=""),"",AK4+(Assumptions!$B$8-AL4)/(AN4-AL4)*(AM4-AK4)) -> 1297.8019 | AP4: 1294.7 | AQ4: 0.25835 | AR4: 1294.8 | AS4: 0.27523 | AT4: =IF(OR(AP4="",AQ4="",AR4="",AS4=""),"",AP4+(Assumptions!$B$9-AQ4)/(AS4-AQ4)*(AR4-AP4)) -> 1297.9088 | AU4: =IF(AND(AJ4="",AO4=""),"",IF(AJ4="",AO4,IF(AO4="",AJ4,MIN(AJ4,AO4)))) -> 1297.8019 | AV4: =200000 * T4 -> 3.0438 | AW4: =0.075*AV4 -> 0.228285 | AX4: =0.225*AV4 -> 0.684855
A5: 2 | B5: 1 | C5: 1 | D5: 2 | E5: 2 | F5: 293.15 | G5: 5 | H5: Standard | I5: 550 | J5: 2750 | K5: 200000 | L5: =Assumptions!$B$6 -> 0.00016558 | M5: =I5*L5 -> 0.091069 | N5: =M5*J5*(Assumptions!$B$5-Assumptions!$B$4) -> 2504.3975 | O5: =Assumptions!$B$7 -> 5 | P5: =N5+(O5/1000)*K5 -> 3504.3975 | Q5: Standard | R5: 2.68 | S5: 6e-11 | T5: 1.5923e-05 | U5: 1.6256e-06 | V5: 0.00061873 | W5: =IF(V5="","",V5*1000) -> 0.61873 | X5: =IF(OR(U5="",T5=""),"",U5/T5) -> 0.10209131 | Y5: 2995.8 | Z5: =IF(OR(Y5="",N5="",K5=""),"",MAX(0,(Y5-N5)/K5)*1000) -> 2.4570125 | AA5: 1420 | AB5: 2483.5 | AC5: 1440 | AD5: 2511.7 | AE5: =IF(OR(AA5="",AB5="",AC5="",AD5=""),"",AA5+(N5-AB5)/(AD5-AB5)*(AC5-AA5)) -> 1434.8209 | AF5: 2240 | AG5: 3504.2 | AH5: 2260 | AI5: 3526.9 | AJ5: =IF(OR(AF5="",AG5="",AH5="",AI5=""),"",AF5+(P5-AG5)/(AI5-AG5)*(AH5-AF5)) -> 2240.174 | AK5: 1720 | AL5: 0.5998 | AM5: 1740 | AN5: 0.60453 | AO5: =IF(OR(AK5="",AL5="",AM5="",AN5=""),"",AK5+(Assumptions!$B$8-AL5)/(AN5-AL5)*(AM5-AK5)) -> 1720.8457 | AP5: 2660 | AQ5: 0.79937 | AR5: 2680 | AS5: 0.8032 | AT5: =IF(OR(AP5="",AQ5="",AR5="",AS5=""),"",AP5+(Assumptions!$B$9-AQ5)/(AS5-AQ5)*(AR5-AP5)) -> 2663.2898 | AU5: =IF(AND(AJ5="",AO5=""),"",IF(AJ5="",AO5,IF(AO5="",AJ5,MIN(AJ5,AO5)))) -> 1720.8457 | AV5: =200000 * T5 -> 3.1846 | AW5: =0.075*AV5 -> 0.238845 | AX5: =0.225*AV5 -> 0.716535
A6: 3 | B6: 1 | C6: 1 | D6: 3 | E6: 3 | F6: 293.15 | G6: 5 | H6: Dense / premium | I6: 600 | J6: 2750 | K6: 204000 | L6: =Assumptions!$B$6 -> 0.00016558 | M6: =I6*L6 -> 0.099348 | N6: =M6*J6*(Assumptions!$B$5-Assumptions!$B$4) -> 2732.07 | O6: =Assumptions!$B$7 -> 5 | P6: =N6+(O6/1000)*K6 -> 3752.07 | Q6: More resistant | R6: 2.77 | S6: 2e-11 | T6: 1.6565e-05 | U6: 1.4339e-06 | V6: 0.00056358 | W6: =IF(V6="","",V6*1000) -> 0.56358 | X6: =IF(OR(U6="",T6=""),"",U6/T6) -> 0.086562028 | Y6: 3040.2 | Z6: =IF(OR(Y6="",N6="",K6=""),"",MAX(0,(Y6-N6)/K6)*1000) -> 1.5104412 | AA6: 1560 | AB6: 2713 | AC6: 1580 | AD6: 2740.9 | AE6: =IF(OR(AA6="",AB6="",AC6="",AD6=""),"",AA6+(N6-AB6)/(AD6-AB6)*(AC6-AA6)) -> 1573.6703 | AF6: 2380 | AG6: 3748.8 | AH6: 2400 | AI6: 3771.5 | AJ6: =IF(OR(AF6="",AG6="",AH6="",AI6=""),"",AF6+(P6-AG6)/(AI6-AG6)*(AH6-AF6)) -> 2382.8811 | AK6: 2240 | AL6: 0.59916 | AM6: 2260 | AN6: 0.60073 | AO6: =IF(OR(AK6="",AL6="",AM6="",AN6=""),"",AK6+(Assumptions!$B$8-AL6)/(AN6-AL6)*(AM6-AK6)) -> 2250.7006 | AP6: 5060 | AQ6: 0.79896 | AR6: 5080 | AS6: 0.80024 | AT6: =IF(OR(AP6="",AQ6="",AR6="",AS6=""),"",AP6+(Assumptions!$B$9-AQ6)/(AS6-AQ6)*(AR6-AP6)) -> 5076.25 | AU6: =IF(AND(AJ6="",AO6=""),"",IF(AJ6="",AO6,IF(AO6="",AJ6,MIN(AJ6,AO6)))) -> 2250.7006 | AV6: =200000 * T6 -> 3.313 | AW6: =0.075*AV6 -> 0.248475 | AX6: =0.225*AV6 -> 0.745425
A7: 4 | B7: 1 | C7: 2 | D7: 1 | E7: 2 | F7: 293.15 | G7: 8 | H7: Light / airy | I7: 500 | J7: 2750 | K7: 186000 | L7: =Assumptions!$B$6 -> 0.00016558 | M7: =I7*L7 -> 0.08279 | N7: =M7*J7*(Assumptions!$B$5-Assumptions!$B$4) -> 2276.725 | O7: =Assumptions!$B$7 -> 5 | P7: =N7+(O7/1000)*K7 -> 3206.725 | Q7: Standard | R7: 2.68 | S7: 2e-11 | T7: 1.5923e-05 | U7: 1.3825e-06 | V7: 0.00060844 | W7: =IF(V7="","",V7*1000) -> 0.60844 | X7: =IF(OR(U7="",T7=""),"",U7/T7) -> 0.086824091 | Y7: 3824 | Z7: =IF(OR(Y7="",N7="",K7=""),"",MAX(0,(Y7-N7)/K7)*1000) -> 8.3186828 | AA7: 880 | AB7: 2253.6 | AC7: 900 | AD7: 2293.6 | AE7: =IF(OR(AA7="",AB7="",AC7="",AD7=""),"",AA7+(N7-AB7)/(AD7-AB7)*(AC7-AA7)) -> 891.5625 | AF7: 1380 | AG7: 3178 | AH7: 1400 | AI7: 3211.9 | AJ7: =IF(OR(AF7="",AG7="",AH7="",AI7=""),"",AF7+(P7-AG7)/(AI7-AG7)*(AH7-AF7)) -> 1396.9469 | AK7: 1680 | AL7: 0.59902 | AM7: 1700 | AN7: 0.60061 | AO7: =IF(OR(AK7="",AL7="",AM7="",AN7=""),"",AK7+(Assumptions!$B$8-AL7)/(AN7-AL7)*(AM7-AK7)) -> 1692.327 | AP7: 4520 | AQ7: 0.79989 | AR7: 4540 | AS7: 0.80117 | AT7: =IF(OR(AP7="",AQ7="",AR7="",AS7=""),"",AP7+(Assumptions!$B$9-AQ7)/(AS7-AQ7)*(AR7-AP7)) -> 4521.7188 | AU7: =IF(AND(AJ7="",AO7=""),"",IF(AJ7="",AO7,IF(AO7="",AJ7,MIN(AJ7,AO7)))) -> 1396.9469 | AV7: =200000 * T7 -> 3.1846 | AW7: =0.075*AV7 -> 0.238845 | AX7: =0.225*AV7 -> 0.716535
A8: 5 | B8: 1 | C8: 2 | D8: 2 | E8: 3 | F8: 293.15 | G8: 8 | H8: Standard | I8: 550 | J8: 2750 | K8: 200000 | L8: =Assumptions!$B$6 -> 0.00016558 | M8: =I8*L8 -> 0.091069 | N8: =M8*J8*(Assumptions!$B$5-Assumptions!$B$4) -> 2504.3975 | O8: =Assumptions!$B$7 -> 5 | P8: =N8+(O8/1000)*K8 -> 3504.3975 | Q8: More resistant | R8: 2.77 | S8: 5e-12 | T8: 1.6565e-05 | U8: 1.4091e-06 | V8: 0.0005622 | W8: =IF(V8="","",V8*1000) -> 0.5622 | X8: =IF(OR(U8="",T8=""),"",U8/T8) -> 0.085064896 | Y8: 3937.4 | Z8: =IF(OR(Y8="",N8="",K8=""),"",MAX(0,(Y8-N8)/K8)*1000) -> 7.1650125 | AA8: 960 | AB8: 2500.2 | AC8: 980 | AD8: 2542.4 | AE8: =IF(OR(AA8="",AB8="",AC8="",AD8=""),"",AA8+(N8-AB8)/(AD8-AB8)*(AC8-AA8)) -> 961.98934 | AF8: 1500 | AG8: 3486.1 | AH8: 1520 | AI8: 3518 | AJ8: =IF(OR(AF8="",AG8="",AH8="",AI8=""),"",AF8+(P8-AG8)/(AI8-AG8)*(AH8-AF8)) -> 1511.4718 | AK8: 3660 | AL8: 0.59978 | AM8: 3680 | AN8: 0.60018 | AO8: =IF(OR(AK8="",AL8="",AM8="",AN8=""),"",AK8+(Assumptions!$B$8-AL8)/(AN8-AL8)*(AM8-AK8)) -> 3671 | AP8: 14980 | AQ8: 0.79999 | AR8: 15000 | AS8: 0.80031 | AT8: =IF(OR(AP8="",AQ8="",AR8="",AS8=""),"",AP8+(Assumptions!$B$9-AQ8)/(AS8-AQ8)*(AR8-AP8)) -> 14980.625 | AU8: =IF(AND(AJ8="",AO8=""),"",IF(AJ8="",AO8,IF(AO8="",AJ8,MIN(AJ8,AO8)))) -> 1511.4718 | AV8: =200000 * T8 -> 3.313 | AW8: =0.075*AV8 -> 0.248475 | AX8: =0.225*AV8 -> 0.745425
A9: 6 | B9: 1 | C9: 2 | D9: 3 | E9: 1 | F9: 293.15 | G9: 8 | H9: Dense / premium | I9: 600 | J9: 2750 | K9: 204000 | L9: =Assumptions!$B$6 -> 0.00016558 | M9: =I9*L9 -> 0.099348 | N9: =M9*J9*(Assumptions!$B$5-Assumptions!$B$4) -> 2732.07 | O9: =Assumptions!$B$7 -> 5 | P9: =N9+(O9/1000)*K9 -> 3752.07 | Q9: Thin / easily soggy | R9: 2.58 | S9: 6e-11 | T9: 1.5219e-05 | U9: 1.7855e-06 | V9: 0.00077944 | W9: =IF(V9="","",V9*1000) -> 0.77944 | X9: =IF(OR(U9="",T9=""),"",U9/T9) -> 0.11732045 | Y9: 4146.3 | Z9: =IF(OR(Y9="",N9="",K9=""),"",MAX(0,(Y9-N9)/K9)*1000) -> 6.9325 | AA9: 1020 | AB9: 2698.3 | AC9: 1040 | AD9: 2741.2 | AE9: =IF(OR(AA9="",AB9="",AC9="",AD9=""),"",AA9+(N9-AB9)/(AD9-AB9)*(AC9-AA9)) -> 1035.7436 | AF9: 1560 | AG9: 3746.4 | AH9: 1580 | AI9: 3781.2 | AJ9: =IF(OR(AF9="",AG9="",AH9="",AI9=""),"",AF9+(P9-AG9)/(AI9-AG9)*(AH9-AF9)) -> 1563.2586 | AK9: 1340 | AL9: 0.59064 | AM9: 1360 | AN9: 0.60016 | AO9: =IF(OR(AK9="",AL9="",AM9="",AN9=""),"",AK9+(Assumptions!$B$8-AL9)/(AN9-AL9)*(AM9-AK9)) -> 1359.6639 | AP9: 2300 | AQ9: 0.79937 | AR9: 2320 | AS9: 0.8032 | AT9: =IF(OR(AP9="",AQ9="",AR9="",AS9=""),"",AP9+(Assumptions!$B$9-AQ9)/(AS9-AQ9)*(AR9-AP9)) -> 2303.2898 | AU9: =IF(AND(AJ9="",AO9=""),"",IF(AJ9="",AO9,IF(AO9="",AJ9,MIN(AJ9,AO9)))) -> 1359.6639 | AV9: =200000 * T9 -> 3.0438 | AW9: =0.075*AV9 -> 0.228285 | AX9: =0.225*AV9 -> 0.684855
A10: 7 | B10: 1 | C10: 3 | D10: 1 | E10: 3 | F10: 293.15 | G10: 12 | H10: Light / airy | I10: 500 | J10: 2750 | K10: 186000 | L10: =Assumptions!$B$6 -> 0.00016558 | M10: =I10*L10 -> 0.08279 | N10: =M10*J10*(Assumptions!$B$5-Assumptions!$B$4) -> 2276.725 | O10: =Assumptions!$B$7 -> 5 | P10: =N10+(O10/1000)*K10 -> 3206.725 | Q10: More resistant | R10: 2.77 | S10: 6e-11 | T10: 1.6565e-05 | U10: 1.7996e-06 | V10: 0.00079904 | W10: =IF(V10="","",V10*1000) -> 0.79904 | X10: =IF(OR(U10="",T10=""),"",U10/T10) -> 0.1086387 | Y10: 4674.8 | Z10: =IF(OR(Y10="",N10="",K10=""),"",MAX(0,(Y10-N10)/K10)*1000) -> 12.892876 | AA10: 620 | AB10: 2224.3 | AC10: 640 | AD10: 2280.7 | AE10: =IF(OR(AA10="",AB10="",AC10="",AD10=""),"",AA10+(N10-AB10)/(AD10-AB10)*(AC10-AA10)) -> 638.59043 | AF10: 980 | AG10: 3180.4 | AH10: 1000 | AI10: 3227.2 | AJ10: =IF(OR(AF10="",AG10="",AH10="",AI10=""),"",AF10+(P10-AG10)/(AI10-AG10)*(AH10-AF10)) -> 991.25 | AK10: 860 | AL10: 0.59905 | AM10: 880 | AN10: 0.60381 | AO10: =IF(OR(AK10="",AL10="",AM10="",AN10=""),"",AK10+(Assumptions!$B$8-AL10)/(AN10-AL10)*(AM10-AK10)) -> 863.9916 | AP10: 1800 | AQ10: 0.79903 | AR10: 1820 | AS10: 0.80286 | AT10: =IF(OR(AP10="",AQ10="",AR10="",AS10=""),"",AP10+(Assumptions!$B$9-AQ10)/(AS10-AQ10)*(AR10-AP10)) -> 1805.0653 | AU10: =IF(AND(AJ10="",AO10=""),"",IF(AJ10="",AO10,IF(AO10="",AJ10,MIN(AJ10,AO10)))) -> 863.9916 | AV10: =200000 * T10 -> 3.313 | AW10: =0.075*AV10 -> 0.248475 | AX10: =0.225*AV10 -> 0.745425
A11: 8 | B11: 1 | C11: 3 | D11: 2 | E11: 1 | F11: 293.15 | G11: 12 | H11: Standard | I11: 550 | J11: 2750 | K11: 200000 | L11: =Assumptions!$B$6 -> 0.00016558 | M11: =I11*L11 -> 0.091069 | N11: =M11*J11*(Assumptions!$B$5-Assumptions!$B$4) -> 2504.3975 | O11: =Assumptions!$B$7 -> 5 | P11: =N11+(O11/1000)*K11 -> 3504.3975 | Q11: Thin / easily soggy | R11: 2.58 | S11: 2e-11 | T11: 1.5219e-05 | U11: 1.5379e-06 | V11: 0.00061192 | W11: =IF(V11="","",V11*1000) -> 0.61192 | X11: =IF(OR(U11="",T11=""),"",U11/T11) -> 0.10105132 | Y11: 4927.2 | Z11: =IF(OR(Y11="",N11="",K11=""),"",MAX(0,(Y11-N11)/K11)*1000) -> 12.114012 | AA11: 660 | AB11: 2455.4 | AC11: 680 | AD11: 2515.2 | AE11: =IF(OR(AA11="",AB11="",AC11="",AD11=""),"",AA11+(N11-AB11)/(AD11-AB11)*(AC11-AA11)) -> 676.38712 | AF11: 1040 | AG11: 3457.2 | AH11: 1060 | AI11: 3504.9 | AJ11: =IF(OR(AF11="",AG11="",AH11="",AI11=""),"",AF11+(P11-AG11)/(AI11-AG11)*(AH11-AF11)) -> 1059.7893 | AK11: 2020 | AL11: 0.59941 | AM11: 2040 | AN11: 0.60099 | AO11: =IF(OR(AK11="",AL11="",AM11="",AN11=""),"",AK11+(Assumptions!$B$8-AL11)/(AN11-AL11)*(AM11-AK11)) -> 2027.4684 | AP11: 4860 | AQ11: 0.79997 | AR11: 4880 | AS11: 0.80125 | AT11: =IF(OR(AP11="",AQ11="",AR11="",AS11=""),"",AP11+(Assumptions!$B$9-AQ11)/(AS11-AQ11)*(AR11-AP11)) -> 4860.4688 | AU11: =IF(AND(AJ11="",AO11=""),"",IF(AJ11="",AO11,IF(AO11="",AJ11,MIN(AJ11,AO11)))) -> 1059.7893 | AV11: =200000 * T11 -> 3.0438 | AW11: =0.075*AV11 -> 0.228285 | AX11: =0.225*AV11 -> 0.684855
A12: 9 | B12: 1 | C12: 3 | D12: 3 | E12: 2 | F12: 293.15 | G12: 12 | H12: Dense / premium | I12: 600 | J12: 2750 | K12: 204000 | L12: =Assumptions!$B$6 -> 0.00016558 | M12: =I12*L12 -> 0.099348 | N12: =M12*J12*(Assumptions!$B$5-Assumptions!$B$4) -> 2732.07 | O12: =Assumptions!$B$7 -> 5 | P12: =N12+(O12/1000)*K12 -> 3752.07 | Q12: Standard | R12: 2.68 | S12: 5e-12 | W12: =IF(V12="","",V12*1000) | X12: =IF(OR(U12="",T12=""),"",U12/T12) | Z12: =IF(OR(Y12="",N12="",K12=""),"",MAX(0,(Y12-N12)/K12)*1000) | AE12: =IF(OR(AA12="",AB12="",AC12="",AD12=""),"",AA12+(N12-AB12)/(AD12-AB12)*(AC12-AA12)) | AJ12: =IF(OR(AF12="",AG12="",AH12="",AI12=""),"",AF12+(P12-AG12)/(AI12-AG12)*(AH12-AF12)) | AO12: =IF(OR(AK12="",AL12="",AM12="",AN12=""),"",AK12+(Assumptions!$B$8-AL12)/(AN12-AL12)*(AM12-AK12)) | AT12: =IF(OR(AP12="",AQ12="",AR12="",AS12=""),"",AP12+(Assumptions!$B$9-AQ12)/(AS12-AQ12)*(AR12-AP12)) | AU12: =IF(AND(AJ12="",AO12=""),"",IF(AJ12="",AO12,IF(AO12="",AJ12,MIN(AJ12,AO12)))) | AV12: =200000 * T12 -> 0 | AW12: =0.075*AV12 -> 0 | AX12: =0.225*AV12 -> 0
A13: 10 | B13: 2 | C13: 1 | D13: 1 | E13: 2 | F13: 298.15 | G13: 5 | H13: Light / airy | I13: 500 | J13: 2750 | K13: 186000 | L13: =Assumptions!$B$6 -> 0.00016558 | M13: =I13*L13 -> 0.08279 | N13: =M13*J13*(Assumptions!$B$5-Assumptions!$B$4) -> 2276.725 | O13: =Assumptions!$B$7 -> 5 | P13: =N13+(O13/1000)*K13 -> 3206.725 | Q13: Standard | R13: 2.68 | S13: 2e-11 | W13: =IF(V13="","",V13*1000) | X13: =IF(OR(U13="",T13=""),"",U13/T13) | Z13: =IF(OR(Y13="",N13="",K13=""),"",MAX(0,(Y13-N13)/K13)*1000) | AE13: =IF(OR(AA13="",AB13="",AC13="",AD13=""),"",AA13+(N13-AB13)/(AD13-AB13)*(AC13-AA13)) | AJ13: =IF(OR(AF13="",AG13="",AH13="",AI13=""),"",AF13+(P13-AG13)/(AI13-AG13)*(AH13-AF13)) | AO13: =IF(OR(AK13="",AL13="",AM13="",AN13=""),"",AK13+(Assumptions!$B$8-AL13)/(AN13-AL13)*(AM13-AK13)) | AT13: =IF(OR(AP13="",AQ13="",AR13="",AS13=""),"",AP13+(Assumptions!$B$9-AQ13)/(AS13-AQ13)*(AR13-AP13)) | AU13: =IF(AND(AJ13="",AO13=""),"",IF(AJ13="",AO13,IF(AO13="",AJ13,MIN(AJ13,AO13)))) | AV13: =200000 * T13 -> 0 | AW13: =0.075*AV13 -> 0 | AX13: =0.225*AV13 -> 0
A14: 11 | B14: 2 | C14: 1 | D14: 2 | E14: 3 | F14: 298.15 | G14: 5 | H14: Standard | I14: 550 | J14: 2750 | K14: 200000 | L14: =Assumptions!$B$6 -> 0.00016558 | M14: =I14*L14 -> 0.091069 | N14: =M14*J14*(Assumptions!$B$5-Assumptions!$B$4) -> 2504.3975 | O14: =Assumptions!$B$7 -> 5 | P14: =N14+(O14/1000)*K14 -> 3504.3975 | Q14: More resistant | R14: 2.77 | S14: 5e-12 | W14: =IF(V14="","",V14*1000) | X14: =IF(OR(U14="",T14=""),"",U14/T14) | Z14: =IF(OR(Y14="",N14="",K14=""),"",MAX(0,(Y14-N14)/K14)*1000) | AE14: =IF(OR(AA14="",AB14="",AC14="",AD14=""),"",AA14+(N14-AB14)/(AD14-AB14)*(AC14-AA14)) | AJ14: =IF(OR(AF14="",AG14="",AH14="",AI14=""),"",AF14+(P14-AG14)/(AI14-AG14)*(AH14-AF14)) | AO14: =IF(OR(AK14="",AL14="",AM14="",AN14=""),"",AK14+(Assumptions!$B$8-AL14)/(AN14-AL14)*(AM14-AK14)) | AT14: =IF(OR(AP14="",AQ14="",AR14="",AS14=""),"",AP14+(Assumptions!$B$9-AQ14)/(AS14-AQ14)*(AR14-AP14)) | AU14: =IF(AND(AJ14="",AO14=""),"",IF(AJ14="",AO14,IF(AO14="",AJ14,MIN(AJ14,AO14)))) | AV14: =200000 * T14 -> 0 | AW14: =0.075*AV14 -> 0 | AX14: =0.225*AV14 -> 0
A15: 12 | B15: 2 | C15: 1 | D15: 3 | E15: 1 | F15: 298.15 | G15: 5 | H15: Dense / premium | I15: 600 | J15: 2750 | K15: 204000 | L15: =Assumptions!$B$6 -> 0.00016558 | M15: =I15*L15 -> 0.099348 | N15: =M15*J15*(Assumptions!$B$5-Assumptions!$B$4) -> 2732.07 | O15: =Assumptions!$B$7 -> 5 | P15: =N15+(O15/1000)*K15 -> 3752.07 | Q15: Thin / easily soggy | R15: 2.58 | S15: 6e-11 | W15: =IF(V15="","",V15*1000) | X15: =IF(OR(U15="",T15=""),"",U15/T15) | Z15: =IF(OR(Y15="",N15="",K15=""),"",MAX(0,(Y15-N15)/K15)*1000) | AE15: =IF(OR(AA15="",AB15="",AC15="",AD15=""),"",AA15+(N15-AB15)/(AD15-AB15)*(AC15-AA15)) | AJ15: =IF(OR(AF15="",AG15="",AH15="",AI15=""),"",AF15+(P15-AG15)/(AI15-AG15)*(AH15-AF15)) | AO15: =IF(OR(AK15="",AL15="",AM15="",AN15=""),"",AK15+(Assumptions!$B$8-AL15)/(AN15-AL15)*(AM15-AK15)) | AT15: =IF(OR(AP15="",AQ15="",AR15="",AS15=""),"",AP15+(Assumptions!$B$9-AQ15)/(AS15-AQ15)*(AR15-AP15)) | AU15: =IF(AND(AJ15="",AO15=""),"",IF(AJ15="",AO15,IF(AO15="",AJ15,MIN(AJ15,AO15)))) | AV15: =200000 * T15 -> 0 | AW15: =0.075*AV15 -> 0 | AX15: =0.225*AV15 -> 0
A16: 13 | B16: 2 | C16: 2 | D16: 1 | E16: 3 | F16: 298.15 | G16: 8 | H16: Light / airy | I16: 500 | J16: 2750 | K16: 186000 | L16: =Assumptions!$B$6 -> 0.00016558 | M16: =I16*L16 -> 0.08279 | N16: =M16*J16*(Assumptions!$B$5-Assumptions!$B$4) -> 2276.725 | O16: =Assumptions!$B$7 -> 5 | P16: =N16+(O16/1000)*K16 -> 3206.725 | Q16: More resistant | R16: 2.77 | S16: 6e-11 | W16: =IF(V16="","",V16*1000) | X16: =IF(OR(U16="",T16=""),"",U16/T16) | Z16: =IF(OR(Y16="",N16="",K16=""),"",MAX(0,(Y16-N16)/K16)*1000) | AE16: =IF(OR(AA16="",AB16="",AC16="",AD16=""),"",AA16+(N16-AB16)/(AD16-AB16)*(AC16-AA16)) | AJ16: =IF(OR(AF16="",AG16="",AH16="",AI16=""),"",AF16+(P16-AG16)/(AI16-AG16)*(AH16-AF16)) | AO16: =IF(OR(AK16="",AL16="",AM16="",AN16=""),"",AK16+(Assumptions!$B$8-AL16)/(AN16-AL16)*(AM16-AK16)) | AT16: =IF(OR(AP16="",AQ16="",AR16="",AS16=""),"",AP16+(Assumptions!$B$9-AQ16)/(AS16-AQ16)*(AR16-AP16)) | AU16: =IF(AND(AJ16="",AO16=""),"",IF(AJ16="",AO16,IF(AO16="",AJ16,MIN(AJ16,AO16)))) | AV16: =200000 * T16 -> 0 | AW16: =0.075*AV16 -> 0 | AX16: =0.225*AV16 -> 0
A17: 14 | B17: 2 | C17: 2 | D17: 2 | E17: 1 | F17: 298.15 | G17: 8 | H17: Standard | I17: 550 | J17: 2750 | K17: 200000 | L17: =Assumptions!$B$6 -> 0.00016558 | M17: =I17*L17 -> 0.091069 | N17: =M17*J17*(Assumptions!$B$5-Assumptions!$B$4) -> 2504.3975 | O17: =Assumptions!$B$7 -> 5 | P17: =N17+(O17/1000)*K17 -> 3504.3975 | Q17: Thin / easily soggy | R17: 2.58 | S17: 2e-11 | W17: =IF(V17="","",V17*1000) | X17: =IF(OR(U17="",T17=""),"",U17/T17) | Z17: =IF(OR(Y17="",N17="",K17=""),"",MAX(0,(Y17-N17)/K17)*1000) | AE17: =IF(OR(AA17="",AB17="",AC17="",AD17=""),"",AA17+(N17-AB17)/(AD17-AB17)*(AC17-AA17)) | AJ17: =IF(OR(AF17="",AG17="",AH17="",AI17=""),"",AF17+(P17-AG17)/(AI17-AG17)*(AH17-AF17)) | AO17: =IF(OR(AK17="",AL17="",AM17="",AN17=""),"",AK17+(Assumptions!$B$8-AL17)/(AN17-AL17)*(AM17-AK17)) | AT17: =IF(OR(AP17="",AQ17="",AR17="",AS17=""),"",AP17+(Assumptions!$B$9-AQ17)/(AS17-AQ17)*(AR17-AP17)) | AU17: =IF(AND(AJ17="",AO17=""),"",IF(AJ17="",AO17,IF(AO17="",AJ17,MIN(AJ17,AO17)))) | AV17: =200000 * T17 -> 0 | AW17: =0.075*AV17 -> 0 | AX17: =0.225*AV17 -> 0
A18: 15 | B18: 2 | C18: 2 | D18: 3 | E18: 2 | F18: 298.15 | G18: 8 | H18: Dense / premium | I18: 600 | J18: 2750 | K18: 204000 | L18: =Assumptions!$B$6 -> 0.00016558 | M18: =I18*L18 -> 0.099348 | N18: =M18*J18*(Assumptions!$B$5-Assumptions!$B$4) -> 2732.07 | O18: =Assumptions!$B$7 -> 5 | P18: =N18+(O18/1000)*K18 -> 3752.07 | Q18: Standard | R18: 2.68 | S18: 5e-12 | W18: =IF(V18="","",V18*1000) | X18: =IF(OR(U18="",T18=""),"",U18/T18) | Z18: =IF(OR(Y18="",N18="",K18=""),"",MAX(0,(Y18-N18)/K18)*1000) | AE18: =IF(OR(AA18="",AB18="",AC18="",AD18=""),"",AA18+(N18-AB18)/(AD18-AB18)*(AC18-AA18)) | AJ18: =IF(OR(AF18="",AG18="",AH18="",AI18=""),"",AF18+(P18-AG18)/(AI18-AG18)*(AH18-AF18)) | AO18: =IF(OR(AK18="",AL18="",AM18="",AN18=""),"",AK18+(Assumptions!$B$8-AL18)/(AN18-AL18)*(AM18-AK18)) | AT18: =IF(OR(AP18="",AQ18="",AR18="",AS18=""),"",AP18+(Assumptions!$B$9-AQ18)/(AS18-AQ18)*(AR18-AP18)) | AU18: =IF(AND(AJ18="",AO18=""),"",IF(AJ18="",AO18,IF(AO18="",AJ18,MIN(AJ18,AO18)))) | AV18: =200000 * T18 -> 0 | AW18: =0.075*AV18 -> 0 | AX18: =0.225*AV18 -> 0
A19: 16 | B19: 2 | C19: 3 | D19: 1 | E19: 1 | F19: 298.15 | G19: 12 | H19: Light / airy | I19: 500 | J19: 2750 | K19: 186000 | L19: =Assumptions!$B$6 -> 0.00016558 | M19: =I19*L19 -> 0.08279 | N19: =M19*J19*(Assumptions!$B$5-Assumptions!$B$4) -> 2276.725 | O19: =Assumptions!$B$7 -> 5 | P19: =N19+(O19/1000)*K19 -> 3206.725 | Q19: Thin / easily soggy | R19: 2.58 | S19: 5e-12 | W19: =IF(V19="","",V19*1000) | X19: =IF(OR(U19="",T19=""),"",U19/T19) | Z19: =IF(OR(Y19="",N19="",K19=""),"",MAX(0,(Y19-N19)/K19)*1000) | AE19: =IF(OR(AA19="",AB19="",AC19="",AD19=""),"",AA19+(N19-AB19)/(AD19-AB19)*(AC19-AA19)) | AJ19: =IF(OR(AF19="",AG19="",AH19="",AI19=""),"",AF19+(P19-AG19)/(AI19-AG19)*(AH19-AF19)) | AO19: =IF(OR(AK19="",AL19="",AM19="",AN19=""),"",AK19+(Assumptions!$B$8-AL19)/(AN19-AL19)*(AM19-AK19)) | AT19: =IF(OR(AP19="",AQ19="",AR19="",AS19=""),"",AP19+(Assumptions!$B$9-AQ19)/(AS19-AQ19)*(AR19-AP19)) | AU19: =IF(AND(AJ19="",AO19=""),"",IF(AJ19="",AO19,IF(AO19="",AJ19,MIN(AJ19,AO19)))) | AV19: =200000 * T19 -> 0 | AW19: =0.075*AV19 -> 0 | AX19: =0.225*AV19 -> 0
A20: 17 | B20: 2 | C20: 3 | D20: 2 | E20: 2 | F20: 298.15 | G20: 12 | H20: Standard | I20: 550 | J20: 2750 | K20: 200000 | L20: =Assumptions!$B$6 -> 0.00016558 | M20: =I20*L20 -> 0.091069 | N20: =M20*J20*(Assumptions!$B$5-Assumptions!$B$4) -> 2504.3975 | O20: =Assumptions!$B$7 -> 5 | P20: =N20+(O20/1000)*K20 -> 3504.3975 | Q20: Standard | R20: 2.68 | S20: 6e-11 | W20: =IF(V20="","",V20*1000) | X20: =IF(OR(U20="",T20=""),"",U20/T20) | Z20: =IF(OR(Y20="",N20="",K20=""),"",MAX(0,(Y20-N20)/K20)*1000) | AE20: =IF(OR(AA20="",AB20="",AC20="",AD20=""),"",AA20+(N20-AB20)/(AD20-AB20)*(AC20-AA20)) | AJ20: =IF(OR(AF20="",AG20="",AH20="",AI20=""),"",AF20+(P20-AG20)/(AI20-AG20)*(AH20-AF20)) | AO20: =IF(OR(AK20="",AL20="",AM20="",AN20=""),"",AK20+(Assumptions!$B$8-AL20)/(AN20-AL20)*(AM20-AK20)) | AT20: =IF(OR(AP20="",AQ20="",AR20="",AS20=""),"",AP20+(Assumptions!$B$9-AQ20)/(AS20-AQ20)*(AR20-AP20)) | AU20: =IF(AND(AJ20="",AO20=""),"",IF(AJ20="",AO20,IF(AO20="",AJ20,MIN(AJ20,AO20)))) | AV20: =200000 * T20 -> 0 | AW20: =0.075*AV20 -> 0 | AX20: =0.225*AV20 -> 0
A21: 18 | B21: 2 | C21: 3 | D21: 3 | E21: 3 | F21: 298.15 | G21: 12 | H21: Dense / premium | I21: 600 | J21: 2750 | K21: 204000 | L21: =Assumptions!$B$6 -> 0.00016558 | M21: =I21*L21 -> 0.099348 | N21: =M21*J21*(Assumptions!$B$5-Assumptions!$B$4) -> 2732.07 | O21: =Assumptions!$B$7 -> 5 | P21: =N21+(O21/1000)*K21 -> 3752.07 | Q21: More resistant | R21: 2.77 | S21: 2e-11 | W21: =IF(V21="","",V21*1000) | X21: =IF(OR(U21="",T21=""),"",U21/T21) | Z21: =IF(OR(Y21="",N21="",K21=""),"",MAX(0,(Y21-N21)/K21)*1000) | AE21: =IF(OR(AA21="",AB21="",AC21="",AD21=""),"",AA21+(N21-AB21)/(AD21-AB21)*(AC21-AA21)) | AJ21: =IF(OR(AF21="",AG21="",AH21="",AI21=""),"",AF21+(P21-AG21)/(AI21-AG21)*(AH21-AF21)) | AO21: =IF(OR(AK21="",AL21="",AM21="",AN21=""),"",AK21+(Assumptions!$B$8-AL21)/(AN21-AL21)*(AM21-AK21)) | AT21: =IF(OR(AP21="",AQ21="",AR21="",AS21=""),"",AP21+(Assumptions!$B$9-AQ21)/(AS21-AQ21)*(AR21-AP21)) | AU21: =IF(AND(AJ21="",AO21=""),"",IF(AJ21="",AO21,IF(AO21="",AJ21,MIN(AJ21,AO21)))) | AV21: =200000 * T21 -> 0 | AW21: =0.075*AV21 -> 0 | AX21: =0.225*AV21 -> 0
A22: 19 | B22: 3 | C22: 1 | D22: 1 | E22: 3 | F22: 303.15 | G22: 5 | H22: Light / airy | I22: 500 | J22: 2750 | K22: 186000 | L22: =Assumptions!$B$6 -> 0.00016558 | M22: =I22*L22 -> 0.08279 | N22: =M22*J22*(Assumptions!$B$5-Assumptions!$B$4) -> 2276.725 | O22: =Assumptions!$B$7 -> 5 | P22: =N22+(O22/1000)*K22 -> 3206.725 | Q22: More resistant | R22: 2.77 | S22: 6e-11 | W22: =IF(V22="","",V22*1000) | X22: =IF(OR(U22="",T22=""),"",U22/T22) | Z22: =IF(OR(Y22="",N22="",K22=""),"",MAX(0,(Y22-N22)/K22)*1000) | AE22: =IF(OR(AA22="",AB22="",AC22="",AD22=""),"",AA22+(N22-AB22)/(AD22-AB22)*(AC22-AA22)) | AJ22: =IF(OR(AF22="",AG22="",AH22="",AI22=""),"",AF22+(P22-AG22)/(AI22-AG22)*(AH22-AF22)) | AO22: =IF(OR(AK22="",AL22="",AM22="",AN22=""),"",AK22+(Assumptions!$B$8-AL22)/(AN22-AL22)*(AM22-AK22)) | AT22: =IF(OR(AP22="",AQ22="",AR22="",AS22=""),"",AP22+(Assumptions!$B$9-AQ22)/(AS22-AQ22)*(AR22-AP22)) | AU22: =IF(AND(AJ22="",AO22=""),"",IF(AJ22="",AO22,IF(AO22="",AJ22,MIN(AJ22,AO22)))) | AV22: =200000 * T22 -> 0 | AW22: =0.075*AV22 -> 0 | AX22: =0.225*AV22 -> 0
A23: 20 | B23: 3 | C23: 1 | D23: 2 | E23: 1 | F23: 303.15 | G23: 5 | H23: Standard | I23: 550 | J23: 2750 | K23: 200000 | L23: =Assumptions!$B$6 -> 0.00016558 | M23: =I23*L23 -> 0.091069 | N23: =M23*J23*(Assumptions!$B$5-Assumptions!$B$4) -> 2504.3975 | O23: =Assumptions!$B$7 -> 5 | P23: =N23+(O23/1000)*K23 -> 3504.3975 | Q23: Thin / easily soggy | R23: 2.58 | S23: 2e-11 | W23: =IF(V23="","",V23*1000) | X23: =IF(OR(U23="",T23=""),"",U23/T23) | Z23: =IF(OR(Y23="",N23="",K23=""),"",MAX(0,(Y23-N23)/K23)*1000) | AE23: =IF(OR(AA23="",AB23="",AC23="",AD23=""),"",AA23+(N23-AB23)/(AD23-AB23)*(AC23-AA23)) | AJ23: =IF(OR(AF23="",AG23="",AH23="",AI23=""),"",AF23+(P23-AG23)/(AI23-AG23)*(AH23-AF23)) | AO23: =IF(OR(AK23="",AL23="",AM23="",AN23=""),"",AK23+(Assumptions!$B$8-AL23)/(AN23-AL23)*(AM23-AK23)) | AT23: =IF(OR(AP23="",AQ23="",AR23="",AS23=""),"",AP23+(Assumptions!$B$9-AQ23)/(AS23-AQ23)*(AR23-AP23)) | AU23: =IF(AND(AJ23="",AO23=""),"",IF(AJ23="",AO23,IF(AO23="",AJ23,MIN(AJ23,AO23)))) | AV23: =200000 * T23 -> 0 | AW23: =0.075*AV23 -> 0 | AX23: =0.225*AV23 -> 0
... A30: 27 | B30: 3 | C30: 3 | D30: 3 | E30: 1 | F30: 303.15 | G30: 12 | H30: Dense / premium | I30: 600 | J30: 2750 | K30: 204000 | L30: =Assumptions!$B$6 -> 0.00016558 | M30: =I30*L30 -> 0.099348 | N30: =M30*J30*(Assumptions!$B$5-Assumptions!$B$4) -> 2732.07 | O30: =Assumptions!$B$7 -> 5 | P30: =N30+(O30/1000)*K30 -> 3752.07 | Q30: Thin / easily soggy | R30: 2.58 | S30: 6e-11 | W30: =IF(V30="","",V30*1000) | X30: =IF(OR(U30="",T30=""),"",U30/T30) | Z30: =IF(OR(Y30="",N30="",K30=""),"",MAX(0,(Y30-N30)/K30)*1000) | AE30: =IF(OR(AA30="",AB30="",AC30="",AD30=""),"",AA30+(N30-AB30)/(AD30-AB30)*(AC30-AA30)) | AJ30: =IF(OR(AF30="",AG30="",AH30="",AI30=""),"",AF30+(P30-AG30)/(AI30-AG30)*(AH30-AF30)) | AO30: =IF(OR(AK30="",AL30="",AM30="",AN30=""),"",AK30+(Assumptions!$B$8-AL30)/(AN30-AL30)*(AM30-AK30)) | AT30: =IF(OR(AP30="",AQ30="",AR30="",AS30=""),"",AP30+(Assumptions!$B$9-AQ30)/(AS30-AQ30)*(AR30-AP30)) | AU30: =IF(AND(AJ30="",AO30=""),"",IF(AJ30="",AO30,IF(AO30="",AJ30,MIN(AJ30,AO30)))) | AV30: =200000 * T30 -> 0 | AW30: =0.075*AV30 -> 0 | AX30: =0.225*AV30 -> 0

Sheet Source_Register
A1: Source Register
A3: Source_ID | B3: Supports | C3: Status | D3: Short note | E3: URL | F3: Comments
A4: SRC_ICE_DENSITY | B4: Ice cream density / overrun logic | C4: literature-anchored | D4: Supports density levels and type grouping. | E4: https://books.lib.uoguelph.ca/icecreamtechnologyebook/chapter/overrun-calculations/?utm_source=chatgpt.com
A5: SRC_ICE_THERMAL | B5: Ice cream Cp and latent heat range | C5: literature-anchored | D5: Supports Cp_ice and dH_melt levels. | E5: https://www.gcca.org/legacy-system/WFLO-Commodity-Storage-Manual-2018-Ice%20Cream%20and%20Frozen%20Desserts.pdf
A6: SRC_CONE_THICKNESS | B6: Waffle cone thickness | C6: literature-anchored | D6: Supports t_cone levels. | E6: https://www.thepharmajournal.com/archives/2023/vol12issue7/PartAB/12-7-58-979.pdf
A7: SRC_EFFECTIVE_DIFF | B7: Effective cone-wall diffusivity as a model parameter | C7: effective / calibrate | D7: Supports using Deff as an effective parameter to refine by experiment. | E7: https://openresearch.surrey.ac.uk/view/pdfCoverPage?download=true&filePid=13161200050002346&instCode=44SUR_INST
B12: Parameter Setting Rationale for Ice Cream and Cone Types To keep the case matrix physically meaningful while still manageable for a 27-run design, we grouped the inputs into ice cream type and cone type rather than varying every material property independently. For the ice cream, density was used as the main structural indicator because it is directly tied to overrun: standard ice cream is commonly close to about 550 kg/m3, while more airy products are lighter and denser premium-style products are heavier. Based on this logic, we used three representative ice-cream types: Light/Airy ρice =500 kg/m3, Standard 550 kg/m3, and Dense/Premium 600 kg/m3. We fixed Cp,ice =2750 J/(kg K) using published frozendessert thermal-property tables, and we assigned effective melting-energy values of 186, 200, and 204 kJ/kg to the three types. These latent-heat values are anchored to published frozen-dessert thermal-property data, while the mapping from "airy/standard/dense" to those three levels is a literature-informed scenario binding rather than a direct product-specific measurement. For the cone, thickness and moisture-uptake behavior were treated separately. Cone thickness was assigned three levels, 2.58,2.68, and 2.77 mm , because experimental waffle-cone data report a thickness range of approximately 2.58−2.77 mm. This makes the thickness levels literatureanchored. By contrast, the cone moisture parameter was renamed as Deff,cone and treated as an effective calibrated parameter, not as a direct thickness-derived constant. This choice was made because moisture-migration studies on manufactured ice-cream cones show that effective diffusivity is strongly influenced by the material/barrier system and operating condition, and may vary over orders of magnitude. In other words, a thicker cone already changes the transport path length geometrically, while Deff,cone should represent the combined barrier and pore-structure behavior of the cone system. Therefore, Deff,cone was not mechanically tied to thickness. Instead, we used three engineering levels, 5×10−12,2×10−11, and 6×10−11 m2/s, to span slower to faster uptake behavior within the order of magnitude suggested by cone moisture-migration literature. These values should be interpreted as effective scenario levels to be refined by experiment, not as exact product constants.
B15: Cp_ice = 2750[J/(kg*K)] rho_cone = 200[kg/m^3] k_cone = 0.10[W/(m*K)] Cp_cone = 1750[J/(kg*K)] eps_cone = 0.80 | E15: Wafer product density range: https://ebooks.inflibnet.ac.in/ftp5/chapter/technology-of-wafer-biscuits/1000/ Waffle cone thickness / weight / moisture: https://www.thepharmajournal.com/archives/2023/vol12issue7/PartAB/12-7-58-979.pdf Cone moisture migration / effective diffusivity / crispness threshold: https://openresearch.surrey.ac.uk/view/pdfCoverPage?download=true&filePid=13161200050002346&instCode=44SUR_INST Wafer crispness / water activity / moisture relation: https://www.mdpi.com/2076-3417/12/14/7163 Bakery proxy values for thermal properties: https://www.academia.edu/20246150/Determination_of_the_thermal_diffusivity_of_bread_as_a_function_of_porosity https://www.aensiweb.com/old/jasr/jasr/2010/1680-1686.pdf
