Workbook

Sheet Validation_Experiment
A1: Experimental ice anchors
A3: ice_anchor_id | B3: ice_label | C3: cone_type | D3: initial_mass_g | E3: nominal_volume_m3 | F3: rho_ice_anchor_kg_m3 | G3: first_visible_drip_s | H3: dry_cone_mass_oz | I3: dry_cone_mass_g | J3: end_diffused_cone_mass_oz | K3: sogginess_end_note
A4: ICE_A | B4: Tillamook Vanilla Bean | C4: Waffle cone | D4: 82.78 | E4: 0.00011829412 | F4: 699.78 | G4: 135 | H4: 0.7 | I4: 19.84 | J4: 0.88 | K4: Slight, 3/10
A5: ICE_B | B5: Breyers Vanilla | C5: Waffle cone | D5: 88.17 | E5: 0.00011829412 | F5: 745.35 | G5: 360 | H5: 0.74 | I5: 20.98 | J5: 0.81 | K5: Not very soggy, 2/10
A6: ICE_C | B6: Breyers Vanilla Lactose Free | C6: Waffle cone | D6: 92.13595 | E6: 0.00011829412 | F6: 778.87 | G6: 90 | H6: 0.7 | I6: 19.84 | J6: 0.81 | K6: 1/10 sogginess
A7: ICE_D | B7: Tillamook Mint Chocolate Chip | C7: Waffle cone | D7: 81.93012 | E7: 0.00011829412 | F7: 692.6 | G7: 293 | H7: 0.7 | I7: 19.84 | J7: 0.81 | K7: 1/10, not too soggy
A8: ICE_E | B8: Tillamook Rocky Road | C8: Waffle cone | D8: 87.8835 | E8: 0.00011829412 | F8: 742.94 | G8: 275 | H8: 0.74 | I8: 20.98 | J8: 0.84 | K8: 1/10, still very crisp

Sheet Calibration_Anchor
A1: Validated cone anchor
A3: Item | B3: Value | C3: Unit | D3: Status | E3: Meaning | F3: Note
A4: cone_id | B4: WAFFLE_VALIDATED | C4: - | D4: fixed | E4: Single cone system used across all 27 DOE rows | F4: Current validated cone
A5: Tinf_val | B5: 294.15 | C5: K | D5: fixed | E5: Validation ambient temperature | F5: 21 C room
A6: h_conv_val | B6: 5 | C6: W/(m^2*K) | D6: fixed | E6: Validation convection | F6: No noticeable airflow
A7: t_cone | B7: 1.5 | C7: mm | D7: fixed | E7: Cone thickness | F7: Measured
A8: H_cone | B8: 140 | C8: mm | D8: fixed | E8: Cone height | F8: Measured
A9: V_cone | B9: 1.7896e-05 | C9: m^3 | D9: fixed | E9: Cone wall volume | F9: Current COMSOL file
A10: rho_cone_app | B10: 1134 | C10: kg/m^3 | D10: fixed | E10: Apparent cone density | F10: Matched to current geometry + dry cone mass
A11: k_cone | B11: 0.12 | C11: W/(m*K) | D11: fixed | E11: Cone thermal conductivity | F11: Current COMSOL file
A12: Cp_cone | B12: 1600 | C12: J/(kg*K) | D12: fixed | E12: Cone heat capacity | F12: Current COMSOL file
A13: eps_cone | B13: 0.85 | C13: - | D13: fixed | E13: Cone pore fraction | F13: Current COMSOL file
A14: rho_liq | B14: 1000 | C14: kg/m^3 | D14: fixed | E14: Liquid density | F14: Current COMSOL file
A15: Deff_cal | B15: 2e-09 | C15: m^2/s | D15: fixed | E15: Calibrated uptake coefficient | F15: Standalone uptake fit
A16: M_abs_notice | B16: 5.1 | C16: g | D16: fixed | E16: Noticeable sogginess threshold | F16: Validation anchor
A17: M_abs_bad | B17: 9.92 | C17: g | D17: fixed | E17: Bad sogginess threshold | F17: Validation anchor

Sheet DOE_27_FixedCone
A1: 27-case DOE:
A3: case_id | B3: T_level | C3: Tinf_K | D3: h_level | E3: h_conv_W_m2K | F3: ice_anchor_id | G3: ice_label | H3: rho_ice_kg_m3 | I3: Cp_ice_J_kgK | J3: dH_melt_eff_J_kg | K3: first_visible_drip_exp_s | L3: cone_id | M3: t_cone_mm | N3: rho_cone_app_kg_m3 | O3: k_cone_W_mK | P3: Cp_cone_J_kgK | Q3: eps_cone | R3: Deff_cal_m2_s | S3: V_ice_m3 | T3: V_cone_m3 | U3: m_ice_kg | V3: m_cone_dry_g | W3: Qreq_melt_J | X3: M_abs_notice_g | Y3: M_abs_bad_g | Z3: onset_t1_s | AA3: onset_E1_J | AB3: onset_t2_s | AC3: onset_E2_J | AD3: t_melt_onset_s | AE3: notice_melt_t1_s | AF3: notice_melt_E1_J | AG3: notice_melt_t2_s | AH3: notice_melt_E2_J | AI3: t_noticeable_melt_s | AJ3: notice_soggy_t1_s | AK3: notice_soggy_Mabs1_g | AL3: notice_soggy_t2_s | AM3: notice_soggy_Mabs2_g | AN3: t_noticeable_soggy_s | AO3: bad_soggy_t1_s | AP3: bad_soggy_Mabs1_g | AQ3: bad_soggy_t2_s | AR3: bad_soggy_Mabs2_g | AS3: t_unacceptably_soggy_s | AT3: M_melt_1800_g | AU3: M_abs_1800_g | AV3: t_finish_s
A4: 1 | B4: 1 | C4: 291.15 | D4: 1 | E4: 3 | F4: ICE_A | G4: Tillamook Vanilla Bean | H4: 699.78 | I4: 2500 | J4: 204000 | K4: 135 | L4: WAFFLE_VALIDATED | M4: 1.5 | N4: 1134 | O4: 0.12 | P4: 1600 | Q4: 0.85 | R4: 2e-09 | S4: 0.00021563 | T4: 1.7896e-05 | U4: =H4*S4 -> 0.15089356 | V4: =N4*T4*1000 -> 20.294064 | W4: =U4*I4*(273.15-263.15) -> 3772.339 | X4: 5.1 | Y4: 9.92 | Z4: 2820 | AA4: 3758.9 | AB4: 2840 | AC4: 3780.1 | AD4: =IF(COUNT(Z4:AC4)<4,"",Z4+((W4-AA4)/(AC4-AA4))*(AB4-Z4)) -> 2832.6783 | AE4: 3900 | AF4: 4799 | AG4: 3920 | AH4: 4818.9 | AI4: =IF(COUNT(AE4:AH4)<4,"",AE4+(((W4+X4/1000*J4)-AF4)/(AH4-AF4))*(AG4-AE4)) -> 3913.8081 | AJ4: 2940 | AK4: 5.0784 | AL4: 2960 | AM4: 5.5202 | AN4: =IF(COUNT(AJ4:AM4)<4,"",AJ4+((X4-AK4)/(AM4-AK4))*(AL4-AJ4)) -> 2940.9778 | AO4: 3240 | AP4: 9.8877 | AQ4: 3260 | AR4: 10.112 | AS4: =IF(COUNT(AO4:AR4)<4,"",AO4+((Y4-AP4)/(AR4-AP4))*(AQ4-AO4)) -> 3242.8801 | AT4: 0 | AU4: 0 | AV4: =IF(COUNT(AI4,AN4)=0,"",IF(COUNT(AI4)=0,AN4,IF(COUNT(AN4)=0,AI4,MIN(AI4,AN4)))) -> 2940.9778
A5: 2 | B5: 1 | C5: 291.15 | D5: 1 | E5: 3 | F5: ICE_B | G5: Breyers Vanilla | H5: 745.35 | I5: 2500 | J5: 204000 | K5: 360 | L5: WAFFLE_VALIDATED | M5: 1.5 | N5: 1134 | O5: 0.12 | P5: 1600 | Q5: 0.85 | R5: 2e-09 | S5: 0.00021563 | T5: 1.7896e-05 | U5: =H5*S5 -> 0.16071982 | V5: =N5*T5*1000 -> 20.294064 | W5: =U5*I5*(273.15-263.15) -> 4017.9955 | X5: 5.1 | Y5: 9.92 | Z5: 3000 | AA5: 4001.3 | AB5: 2030 | AC5: 4022.6 | AD5: =IF(COUNT(Z5:AC5)<4,"",Z5+((W5-AA5)/(AC5-AA5))*(AB5-Z5)) -> 2239.6879 | AE5: 4060 | AF5: 5046.2 | AG5: 4080 | AH5: 5065.1 | AI5: =IF(COUNT(AE5:AH5)<4,"",AE5+(((W5+X5/1000*J5)-AF5)/(AH5-AF5))*(AG5-AE5)) -> 4072.9053 | AJ5: 2340 | AK5: 4.9158 | AL5: 2360 | AM5: 5.3684 | AN5: =IF(COUNT(AJ5:AM5)<4,"",AJ5+((X5-AK5)/(AM5-AK5))*(AL5-AJ5)) -> 2348.1396 | AO5: 2640 | AP5: 9.8028 | AQ5: 2660 | AR5: 10.03 | AS5: =IF(COUNT(AO5:AR5)<4,"",AO5+((Y5-AP5)/(AR5-AP5))*(AQ5-AO5)) -> 2650.3169 | AT5: 0 | AU5: 0 | AV5: =IF(COUNT(AI5,AN5)=0,"",IF(COUNT(AI5)=0,AN5,IF(COUNT(AN5)=0,AI5,MIN(AI5,AN5)))) -> 2348.1396
A6: 3 | B6: 1 | C6: 291.15 | D6: 1 | E6: 3 | F6: ICE_C | G6: Breyers Vanilla Lactose Free | H6: 778.87 | I6: 2500 | J6: 204000 | K6: 90 | L6: WAFFLE_VALIDATED | M6: 1.5 | N6: 1134 | O6: 0.12 | P6: 1600 | Q6: 0.85 | R6: 2e-09 | S6: 0.00021563 | T6: 1.7896e-05 | U6: =H6*S6 -> 0.16794774 | V6: =N6*T6*1000 -> 20.294064 | W6: =U6*I6*(273.15-263.15) -> 4198.6935 | X6: 5.1 | Y6: 9.92 | Z6: 3120 | AA6: 4185.3 | AB6: 3140 | AC6: 4206.7 | AD6: =IF(COUNT(Z6:AC6)<4,"",Z6+((W6-AA6)/(AC6-AA6))*(AB6-Z6)) -> 3132.5172 | AE6: 4180 | AF6: 5222.5 | AG6: 4200 | AH6: 5240.8 | AI6: =IF(COUNT(AE6:AH6)<4,"",AE6+(((W6+X6/1000*J6)-AF6)/(AH6-AF6))*(AG6-AE6)) -> 4198.1349 | AJ6: 3240 | AK6: 5.0865 | AL6: 3260 | AM6: 5.5275 | AN6: =IF(COUNT(AJ6:AM6)<4,"",AJ6+((X6-AK6)/(AM6-AK6))*(AL6-AJ6)) -> 3240.6122 | AO6: 3540 | AP6: 9.8421 | AQ6: 3560 | AR6: 10.066 | AS6: =IF(COUNT(AO6:AR6)<4,"",AO6+((Y6-AP6)/(AR6-AP6))*(AQ6-AO6)) -> 3546.9585 | AT6: 0 | AU6: 0 | AV6: =IF(COUNT(AI6,AN6)=0,"",IF(COUNT(AI6)=0,AN6,IF(COUNT(AN6)=0,AI6,MIN(AI6,AN6)))) -> 3240.6122
A7: 4 | B7: 1 | C7: 291.15 | D7: 2 | E7: 5 | F7: ICE_A | G7: Tillamook Vanilla Bean | H7: 699.78 | I7: 2500 | J7: 204000 | K7: 135 | L7: WAFFLE_VALIDATED | M7: 1.5 | N7: 1134 | O7: 0.12 | P7: 1600 | Q7: 0.85 | R7: 2e-09 | S7: 0.00021563 | T7: 1.7896e-05 | U7: =H7*S7 -> 0.15089356 | V7: =N7*T7*1000 -> 20.294064 | W7: =U7*I7*(273.15-263.15) -> 3772.339 | X7: 5.1 | Y7: 9.92 | Z7: 1780 | AA7: 3763.3 | AB7: 1800 | AC7: 3797 | AD7: =IF(COUNT(Z7:AC7)<4,"",Z7+((W7-AA7)/(AC7-AA7))*(AB7-Z7)) -> 1785.3644 | AE7: 2440 | AF7: 4798.3 | AG7: 2460 | AH7: 4827 | AI7: =IF(COUNT(AE7:AH7)<4,"",AE7+(((W7+X7/1000*J7)-AF7)/(AH7-AF7))*(AG7-AE7)) -> 2450.062 | AJ7: 1880 | AK7: 4.7813 | AL7: 1900 | AM7: 5.2435 | AN7: =IF(COUNT(AJ7:AM7)<4,"",AJ7+((X7-AK7)/(AM7-AK7))*(AL7-AJ7)) -> 1893.7906 | AO7: 2180 | AP7: 9.7391 | AQ7: 2200 | AR7: 9.99697 | AS7: =IF(COUNT(AO7:AR7)<4,"",AO7+((Y7-AP7)/(AR7-AP7))*(AQ7-AO7)) -> 2194.0303 | AT7: 0.0026659 | AU7: 2.266 | AV7: =IF(COUNT(AI7,AN7)=0,"",IF(COUNT(AI7)=0,AN7,IF(COUNT(AN7)=0,AI7,MIN(AI7,AN7)))) -> 1893.7906
A8: 5 | B8: 1 | C8: 291.15 | D8: 2 | E8: 5 | F8: ICE_B | G8: Breyers Vanilla | H8: 745.35 | I8: 2500 | J8: 204000 | K8: 360 | L8: WAFFLE_VALIDATED | M8: 1.5 | N8: 1134 | O8: 0.12 | P8: 1600 | Q8: 0.85 | R8: 2e-09 | S8: 0.00021563 | T8: 1.7896e-05 | U8: =H8*S8 -> 0.16071982 | V8: =N8*T8*1000 -> 20.294064 | W8: =U8*I8*(273.15-263.15) -> 4017.9955 | X8: 5.1 | Y8: 9.92 | Z8: 1880 | AA8: 4003.9 | AB8: 1900 | AC8: 4038 | AD8: =IF(COUNT(Z8:AC8)<4,"",Z8+((W8-AA8)/(AC8-AA8))*(AB8-Z8)) -> 1888.2672 | AE8: 2540 | AF8: 5046.4 | AG8: 2560 | AH8: 5075.4 | AI8: =IF(COUNT(AE8:AH8)<4,"",AE8+(((W8+X8/1000*J8)-AF8)/(AH8-AF8))*(AG8-AE8)) -> 2548.2728 | AJ8: 1980 | AK8: 4.7117 | AL8: 2000 | AM8: 5.1793 | AN8: =IF(COUNT(AJ8:AM8)<4,"",AJ8+((X8-AK8)/(AM8-AK8))*(AL8-AJ8)) -> 1996.6082 | AO8: 2300 | AP8: 9.8932 | AQ8: 2320 | AR8: 10.115 | AS8: =IF(COUNT(AO8:AR8)<4,"",AO8+((Y8-AP8)/(AR8-AP8))*(AQ8-AO8)) -> 2302.4166 | AT8: 0 | AU8: 0 | AV8: =IF(COUNT(AI8,AN8)=0,"",IF(COUNT(AI8)=0,AN8,IF(COUNT(AN8)=0,AI8,MIN(AI8,AN8)))) -> 1996.6082
A9: 6 | B9: 1 | C9: 291.15 | D9: 2 | E9: 5 | F9: ICE_C | G9: Breyers Vanilla Lactose Free | H9: 778.87 | I9: 2500 | J9: 204000 | K9: 90 | L9: WAFFLE_VALIDATED | M9: 1.5 | N9: 1134 | O9: 0.12 | P9: 1600 | Q9: 0.85 | R9: 2e-09 | S9: 0.00021563 | T9: 1.7896e-05 | U9: =H9*S9 -> 0.16794774 | V9: =N9*T9*1000 -> 20.294064 | W9: =U9*I9*(273.15-263.15) -> 4198.6935 | X9: 5.1 | Y9: 9.92 | Z9: 1960 | AA9: 4189.4 | AB9: 1980 | AC9: 4223.6 | AD9: =IF(COUNT(Z9:AC9)<4,"",Z9+((W9-AA9)/(AC9-AA9))*(AB9-Z9)) -> 1965.4348 | AE9: 2620 | AF9: 5236.4 | AG9: 2640 | AH9: 5265.7 | AI9: =IF(COUNT(AE9:AH9)<4,"",AE9+(((W9+X9/1000*J9)-AF9)/(AH9-AF9))*(AG9-AE9)) -> 2621.8385 | AJ9: 2060 | AK9: 4.7842 | AL9: 2080 | AM9: 5.2465 | AN9: =IF(COUNT(AJ9:AM9)<4,"",AJ9+((X9-AK9)/(AM9-AK9))*(AL9-AJ9)) -> 2073.6621 | AO9: 2360 | AP9: 9.6917 | AQ9: 2380 | AR9: 9.9218 | AS9: =IF(COUNT(AO9:AR9)<4,"",AO9+((Y9-AP9)/(AR9-AP9))*(AQ9-AO9)) -> 2379.8435 | AT9: 0 | AU9: 0 | AV9: =IF(COUNT(AI9,AN9)=0,"",IF(COUNT(AI9)=0,AN9,IF(COUNT(AN9)=0,AI9,MIN(AI9,AN9)))) -> 2073.6621
A10: 7 | B10: 1 | C10: 291.15 | D10: 3 | E10: 8 | F10: ICE_A | G10: Tillamook Vanilla Bean | H10: 699.78 | I10: 2500 | J10: 204000 | K10: 135 | L10: WAFFLE_VALIDATED | M10: 1.5 | N10: 1134 | O10: 0.12 | P10: 1600 | Q10: 0.85 | R10: 2e-09 | S10: 0.00021563 | T10: 1.7896e-05 | U10: =H10*S10 -> 0.15089356 | V10: =N10*T10*1000 -> 20.294064 | W10: =U10*I10*(273.15-263.15) -> 3772.339 | X10: 5.1 | Y10: 9.92 | Z10: 1180 | AA10: 3768.7 | AB10: 1200 | AC10: 3816 | AD10: =IF(COUNT(Z10:AC10)<4,"",Z10+((W10-AA10)/(AC10-AA10))*(AB10-Z10)) -> 1181.5387 | AE10: 1620 | AF10: 4778.8 | AG10: 1640 | AH10: 4819.7 | AI10: =IF(COUNT(AE10:AH10)<4,"",AE10+(((W10+X10/1000*J10)-AF10)/(AH10-AF10))*(AG10-AE10)) -> 1636.5961 | AJ10: 1280 | AK10: 4.876 | AL10: 1300 | AM10: 5.3318 | AN10: =IF(COUNT(AJ10:AM10)<4,"",AJ10+((X10-AK10)/(AM10-AK10))*(AL10-AJ10)) -> 1289.8289 | AO10: 1580 | AP10: 9.7881 | AQ10: 1600 | AR10: 10.017 | AS10: =IF(COUNT(AO10:AR10)<4,"",AO10+((Y10-AP10)/(AR10-AP10))*(AQ10-AO10)) -> 1591.5247 | AT10: 0.013915 | AU10: 11.828 | AV10: =IF(COUNT(AI10,AN10)=0,"",IF(COUNT(AI10)=0,AN10,IF(COUNT(AN10)=0,AI10,MIN(AI10,AN10)))) -> 1289.8289
A11: 8 | B11: 1 | C11: 291.15 | D11: 3 | E11: 8 | F11: ICE_B | G11: Breyers Vanilla | H11: 745.35 | I11: 2500 | J11: 204000 | K11: 360 | L11: WAFFLE_VALIDATED | M11: 1.5 | N11: 1134 | O11: 0.12 | P11: 1600 | Q11: 0.85 | R11: 2e-09 | S11: 0.00021563 | T11: 1.7896e-05 | U11: =H11*S11 -> 0.16071982 | V11: =N11*T11*1000 -> 20.294064 | W11: =U11*I11*(273.15-263.15) -> 4017.9955 | X11: 5.1 | Y11: 9.92 | Z11: 1220 | AA11: 3966.1 | AB11: 1240 | AC11: 4018.1 | AD11: =IF(COUNT(Z11:AC11)<4,"",Z11+((W11-AA11)/(AC11-AA11))*(AB11-Z11)) -> 1239.9598 | AE11: 1660 | AF11: 5025.5 | AG11: 1680 | AH11: 5069.6 | AI11: =IF(COUNT(AE11:AH11)<4,"",AE11+(((W11+X11/1000*J11)-AF11)/(AH11-AF11))*(AG11-AE11)) -> 1674.9186 | AJ11: 1340 | AK11: 4.9141 | AL11: 1360 | AM11: 5.3667 | AN11: =IF(COUNT(AJ11:AM11)<4,"",AJ11+((X11-AK11)/(AM11-AK11))*(AL11-AJ11)) -> 1348.2148 | AO11: 1640 | AP11: 9.7616 | AQ11: 1660 | AR11: 9.9891 | AS11: =IF(COUNT(AO11:AR11)<4,"",AO11+((Y11-AP11)/(AR11-AP11))*(AQ11-AO11)) -> 1653.9253 | AT11: 0.013337 | AU11: 11.337 | AV11: =IF(COUNT(AI11,AN11)=0,"",IF(COUNT(AI11)=0,AN11,IF(COUNT(AN11)=0,AI11,MIN(AI11,AN11)))) -> 1348.2148
A12: 9 | B12: 1 | C12: 291.15 | D12: 3 | E12: 8 | F12: ICE_C | G12: Breyers Vanilla Lactose Free | H12: 778.87 | I12: 2500 | J12: 204000 | K12: 90 | L12: WAFFLE_VALIDATED | M12: 1.5 | N12: 1134 | O12: 0.12 | P12: 1600 | Q12: 0.85 | R12: 2e-09 | S12: 0.00021563 | T12: 1.7896e-05 | U12: =H12*S12 -> 0.16794774 | V12: =N12*T12*1000 -> 20.294064 | W12: =U12*I12*(273.15-263.15) -> 4198.6935 | X12: 5.1 | Y12: 9.92 | Z12: 1280 | AA12: 4165.7 | AB12: 1300 | AC12: 4217.7 | AD12: =IF(COUNT(Z12:AC12)<4,"",Z12+((W12-AA12)/(AC12-AA12))*(AB12-Z12)) -> 1292.6898 | AE12: 1720 | AF12: 5226.6 | AG12: 1740 | AH12: 5271.1 | AI12: =IF(COUNT(AE12:AH12)<4,"",AE12+(((W12+X12/1000*J12)-AF12)/(AH12-AF12))*(AG12-AE12)) -> 1725.615 | AJ12: 1400 | AK12: 5.0817 | AL12: 1420 | AM12: 5.5232 | AN12: =IF(COUNT(AJ12:AM12)<4,"",AJ12+((X12-AK12)/(AM12-AK12))*(AL12-AJ12)) -> 1400.829 | AO12: 1700 | AP12: 9.829 | AQ12: 1720 | AR12: 10.107 | AS12: =IF(COUNT(AO12:AR12)<4,"",AO12+((Y12-AP12)/(AR12-AP12))*(AQ12-AO12)) -> 1706.5468 | AT12: 0.012785 | AU12: 10.868 | AV12: =IF(COUNT(AI12,AN12)=0,"",IF(COUNT(AI12)=0,AN12,IF(COUNT(AN12)=0,AI12,MIN(AI12,AN12)))) -> 1400.829
A13: 10 | B13: 2 | C13: 294.15 | D13: 1 | E13: 3 | F13: ICE_A | G13: Tillamook Vanilla Bean | H13: 699.78 | I13: 2500 | J13: 204000 | K13: 135 | L13: WAFFLE_VALIDATED | M13: 1.5 | N13: 1134 | O13: 0.12 | P13: 1600 | Q13: 0.85 | R13: 2e-09 | S13: 0.00021563 | T13: 1.7896e-05 | U13: =H13*S13 -> 0.15089356 | V13: =N13*T13*1000 -> 20.294064 | W13: =U13*I13*(273.15-263.15) -> 3772.339 | X13: 5.1 | Y13: 9.92 | Z13: 2480 | AA13: 3750.4 | AB13: 2500 | AC13: 3775.2 | AD13: =IF(COUNT(Z13:AC13)<4,"",Z13+((W13-AA13)/(AC13-AA13))*(AB13-Z13)) -> 2497.6928 | AE13: 3380 | AF13: 4791.4 | AG13: 3400 | AH13: 4812.9 | AI13: =IF(COUNT(AE13:AH13)<4,"",AE13+(((W13+X13/1000*J13)-AF13)/(AH13-AF13))*(AG13-AE13)) -> 3399.8503 | AJ13: 2600 | AK13: 4.967 | AL13: 2620 | AM13: 5.416 | AN13: =IF(COUNT(AJ13:AM13)<4,"",AJ13+((X13-AK13)/(AM13-AK13))*(AL13-AJ13)) -> 2605.9243 | AO13: 2900 | AP13: 9.7888 | AQ13: 2920 | AR13: 10.015 | AS13: =IF(COUNT(AO13:AR13)<4,"",AO13+((Y13-AP13)/(AR13-AP13))*(AQ13-AO13)) -> 2911.6004 | AT13: 0 | AU13: 0 | AV13: =IF(COUNT(AI13,AN13)=0,"",IF(COUNT(AI13)=0,AN13,IF(COUNT(AN13)=0,AI13,MIN(AI13,AN13)))) -> 2605.9243
A14: 11 | B14: 2 | C14: 294.15 | D14: 1 | E14: 3 | F14: ICE_B | G14: Breyers Vanilla | H14: 745.35 | I14: 2500 | J14: 204000 | K14: 360 | L14: WAFFLE_VALIDATED | M14: 1.5 | N14: 1134 | O14: 0.12 | P14: 1600 | Q14: 0.85 | R14: 2e-09 | S14: 0.00021563 | T14: 1.7896e-05 | U14: =H14*S14 -> 0.16071982 | V14: =N14*T14*1000 -> 20.294064 | W14: =U14*I14*(273.15-263.15) -> 4017.9955 | X14: 5.1 | Y14: 9.92 | Z14: 2640 | AA14: 4001.4 | AB14: 2660 | AC14: 4026.3 | AD14: =IF(COUNT(Z14:AC14)<4,"",Z14+((W14-AA14)/(AC14-AA14))*(AB14-Z14)) -> 2653.3297 | AE14: 3540 | AF14: 5049.4 | AG14: 3560 | AH14: 5071.1 | AI14: =IF(COUNT(AE14:AH14)<4,"",AE14+(((W14+X14/1000*J14)-AF14)/(AH14-AF14))*(AG14-AE14)) -> 3548.2908 | AJ14: 2760 | AK14: 5.0658 | AL14: 2780 | AM14: 5.5084 | AN14: =IF(COUNT(AJ14:AM14)<4,"",AJ14+((X14-AK14)/(AM14-AK14))*(AL14-AJ14)) -> 2761.5454 | AO14: 3060 | AP14: 9.8829 | AQ14: 3080 | AR14: 10.107 | AS14: =IF(COUNT(AO14:AR14)<4,"",AO14+((Y14-AP14)/(AR14-AP14))*(AQ14-AO14)) -> 3063.311 | AT14: 0 | AU14: 0 | AV14: =IF(COUNT(AI14,AN14)=0,"",IF(COUNT(AI14)=0,AN14,IF(COUNT(AN14)=0,AI14,MIN(AI14,AN14)))) -> 2761.5454
A15: 12 | B15: 2 | C15: 294.15 | D15: 1 | E15: 3 | F15: ICE_C | G15: Breyers Vanilla Lactose Free | H15: 778.87 | I15: 2500 | J15: 204000 | K15: 90 | L15: WAFFLE_VALIDATED | M15: 1.5 | N15: 1134 | O15: 0.12 | P15: 1600 | Q15: 0.85 | R15: 2e-09 | S15: 0.00021563 | T15: 1.7896e-05 | U15: =H15*S15 -> 0.16794774 | V15: =N15*T15*1000 -> 20.294064 | W15: =U15*I15*(273.15-263.15) -> 4198.6935 | X15: 5.1 | Y15: 9.92 | Z15: 2760 | AA15: 4181.6 | AB15: 2780 | AC15: 4206.6 | AD15: =IF(COUNT(Z15:AC15)<4,"",Z15+((W15-AA15)/(AC15-AA15))*(AB15-Z15)) -> 2773.6748 | AE15: 3660 | AF15: 5235.4 | AG15: 3680 | AH15: 5257.3 | AI15: =IF(COUNT(AE15:AH15)<4,"",AE15+(((W15+X15/1000*J15)-AF15)/(AH15-AF15))*(AG15-AE15)) -> 3663.373 | AJ15: 2880 | AK15: 5.0593 | AL15: 2900 | AM15: 5.5023 | AN15: =IF(COUNT(AJ15:AM15)<4,"",AJ15+((X15-AK15)/(AM15-AK15))*(AL15-AJ15)) -> 2881.8375 | AO15: 3180 | AP15: 9.8794 | AQ15: 3200 | AR15: 10.104 | AS15: =IF(COUNT(AO15:AR15)<4,"",AO15+((Y15-AP15)/(AR15-AP15))*(AQ15-AO15)) -> 3183.6153 | AT15: 0 | AU15: 0 | AV15: =IF(COUNT(AI15,AN15)=0,"",IF(COUNT(AI15)=0,AN15,IF(COUNT(AN15)=0,AI15,MIN(AI15,AN15)))) -> 2881.8375
... A30: 27 | B30: 3 | C30: 297.15 | D30: 3 | E30: 8 | F30: ICE_C | G30: Breyers Vanilla Lactose Free | H30: 778.87 | I30: 2500 | J30: 204000 | K30: 90 | L30: WAFFLE_VALIDATED | M30: 1.5 | N30: 1134 | O30: 0.12 | P30: 1600 | Q30: 0.85 | R30: 2e-09 | S30: 0.00021563 | T30: 1.7896e-05 | U30: =H30*S30 -> 0.16794774 | V30: =N30*T30*1000 -> 20.294064 | W30: =U30*I30*(273.15-263.15) -> 4198.6935 | X30: 5.1 | Y30: 9.92 | Z30: 1020 | AA30: 4167.6 | AB30: 1040 | AC30: 4236.5 | AD30: =IF(COUNT(Z30:AC30)<4,"",Z30+((W30-AA30)/(AC30-AA30))*(AB30-Z30)) -> 1029.0257 | AE30: 1340 | AF30: 5220.8 | AG30: 1360 | AH30: 5282.9 | AI30: =IF(COUNT(AE30:AH30)<4,"",AE30+(((W30+X30/1000*J30)-AF30)/(AH30-AF30))*(AG30-AE30)) -> 1345.8916 | AJ30: 1120 | AK30: 4.6963 | AL30: 1140 | AM30: 5.1654 | AN30: =IF(COUNT(AJ30:AM30)<4,"",AJ30+((X30-AK30)/(AM30-AK30))*(AL30-AJ30)) -> 1137.2117 | AO30: 1440 | AP30: 9.8759 | AQ30: 1460 | AR30: 10.099 | AS30: =IF(COUNT(AO30:AR30)<4,"",AO30+((Y30-AP30)/(AR30-AP30))*(AQ30-AO30)) -> 1443.9534 | AT30: 0.014979 | AU30: 12.732 | AV30: =IF(COUNT(AI30,AN30)=0,"",IF(COUNT(AI30)=0,AN30,IF(COUNT(AN30)=0,AI30,MIN(AI30,AN30)))) -> 1137.2117

Sheet Sklearn_Ready
A1: Sklearn-ready table
A3: case_id | B3: Tinf_K | C3: h_conv_W_m2K | D3: rho_ice_kg_m3 | E3: Cp_ice_J_kgK | F3: dH_melt_eff_J_kg | G3: first_visible_drip_exp_s | H3: t_melt_onset_s | I3: t_noticeable_melt_s | J3: t_noticeable_soggy_s | K3: t_unacceptably_soggy_s | L3: t_finish_s | M3: M_melt_1800_g | N3: M_abs_1800_g
A4: =DOE_27_FixedCone!A4 -> 1 | B4: =DOE_27_FixedCone!C4 -> 291.15 | C4: =DOE_27_FixedCone!E4 -> 3 | D4: =DOE_27_FixedCone!H4 -> 699.78 | E4: =DOE_27_FixedCone!I4 -> 2500 | F4: =DOE_27_FixedCone!J4 -> 204000 | G4: =DOE_27_FixedCone!K4 -> 135 | H4: =DOE_27_FixedCone!AD4 -> 2832.6783 | I4: =DOE_27_FixedCone!AI4 -> 3913.8081 | J4: =DOE_27_FixedCone!AN4 -> 2940.9778 | K4: =DOE_27_FixedCone!AS4 -> 3242.8801 | L4: =DOE_27_FixedCone!AV4 -> 2940.9778 | M4: =DOE_27_FixedCone!AT4 -> 0 | N4: =DOE_27_FixedCone!AU4 -> 0
A5: =DOE_27_FixedCone!A5 -> 2 | B5: =DOE_27_FixedCone!C5 -> 291.15 | C5: =DOE_27_FixedCone!E5 -> 3 | D5: =DOE_27_FixedCone!H5 -> 745.35 | E5: =DOE_27_FixedCone!I5 -> 2500 | F5: =DOE_27_FixedCone!J5 -> 204000 | G5: =DOE_27_FixedCone!K5 -> 360 | H5: =DOE_27_FixedCone!AD5 -> 2239.6879 | I5: =DOE_27_FixedCone!AI5 -> 4072.9053 | J5: =DOE_27_FixedCone!AN5 -> 2348.1396 | K5: =DOE_27_FixedCone!AS5 -> 2650.3169 | L5: =DOE_27_FixedCone!AV5 -> 2348.1396 | M5: =DOE_27_FixedCone!AT5 -> 0 | N5: =DOE_27_FixedCone!AU5 -> 0
A6: =DOE_27_FixedCone!A6 -> 3 | B6: =DOE_27_FixedCone!C6 -> 291.15 | C6: =DOE_27_FixedCone!E6 -> 3 | D6: =DOE_27_FixedCone!H6 -> 778.87 | E6: =DOE_27_FixedCone!I6 -> 2500 | F6: =DOE_27_FixedCone!J6 -> 204000 | G6: =DOE_27_FixedCone!K6 -> 90 | H6: =DOE_27_FixedCone!AD6 -> 3132.5172 | I6: =DOE_27_FixedCone!AI6 -> 4198.1349 | J6: =DOE_27_FixedCone!AN6 -> 3240.6122 | K6: =DOE_27_FixedCone!AS6 -> 3546.9585 | L6: =DOE_27_FixedCone!AV6 -> 3240.6122 | M6: =DOE_27_FixedCone!AT6 -> 0 | N6: =DOE_27_FixedCone!AU6 -> 0
A7: =DOE_27_FixedCone!A7 -> 4 | B7: =DOE_27_FixedCone!C7 -> 291.15 | C7: =DOE_27_FixedCone!E7 -> 5 | D7: =DOE_27_FixedCone!H7 -> 699.78 | E7: =DOE_27_FixedCone!I7 -> 2500 | F7: =DOE_27_FixedCone!J7 -> 204000 | G7: =DOE_27_FixedCone!K7 -> 135 | H7: =DOE_27_FixedCone!AD7 -> 1785.3644 | I7: =DOE_27_FixedCone!AI7 -> 2450.062 | J7: =DOE_27_FixedCone!AN7 -> 1893.7906 | K7: =DOE_27_FixedCone!AS7 -> 2194.0303 | L7: =DOE_27_FixedCone!AV7 -> 1893.7906 | M7: =DOE_27_FixedCone!AT7 -> 0.0026659 | N7: =DOE_27_FixedCone!AU7 -> 2.266
A8: =DOE_27_FixedCone!A8 -> 5 | B8: =DOE_27_FixedCone!C8 -> 291.15 | C8: =DOE_27_FixedCone!E8 -> 5 | D8: =DOE_27_FixedCone!H8 -> 745.35 | E8: =DOE_27_FixedCone!I8 -> 2500 | F8: =DOE_27_FixedCone!J8 -> 204000 | G8: =DOE_27_FixedCone!K8 -> 360 | H8: =DOE_27_FixedCone!AD8 -> 1888.2672 | I8: =DOE_27_FixedCone!AI8 -> 2548.2728 | J8: =DOE_27_FixedCone!AN8 -> 1996.6082 | K8: =DOE_27_FixedCone!AS8 -> 2302.4166 | L8: =DOE_27_FixedCone!AV8 -> 1996.6082 | M8: =DOE_27_FixedCone!AT8 -> 0 | N8: =DOE_27_FixedCone!AU8 -> 0
A9: =DOE_27_FixedCone!A9 -> 6 | B9: =DOE_27_FixedCone!C9 -> 291.15 | C9: =DOE_27_FixedCone!E9 -> 5 | D9: =DOE_27_FixedCone!H9 -> 778.87 | E9: =DOE_27_FixedCone!I9 -> 2500 | F9: =DOE_27_FixedCone!J9 -> 204000 | G9: =DOE_27_FixedCone!K9 -> 90 | H9: =DOE_27_FixedCone!AD9 -> 1965.4348 | I9: =DOE_27_FixedCone!AI9 -> 2621.8385 | J9: =DOE_27_FixedCone!AN9 -> 2073.6621 | K9: =DOE_27_FixedCone!AS9 -> 2379.8435 | L9: =DOE_27_FixedCone!AV9 -> 2073.6621 | M9: =DOE_27_FixedCone!AT9 -> 0 | N9: =DOE_27_FixedCone!AU9 -> 0
A10: =DOE_27_FixedCone!A10 -> 7 | B10: =DOE_27_FixedCone!C10 -> 291.15 | C10: =DOE_27_FixedCone!E10 -> 8 | D10: =DOE_27_FixedCone!H10 -> 699.78 | E10: =DOE_27_FixedCone!I10 -> 2500 | F10: =DOE_27_FixedCone!J10 -> 204000 | G10: =DOE_27_FixedCone!K10 -> 135 | H10: =DOE_27_FixedCone!AD10 -> 1181.5387 | I10: =DOE_27_FixedCone!AI10 -> 1636.5961 | J10: =DOE_27_FixedCone!AN10 -> 1289.8289 | K10: =DOE_27_FixedCone!AS10 -> 1591.5247 | L10: =DOE_27_FixedCone!AV10 -> 1289.8289 | M10: =DOE_27_FixedCone!AT10 -> 0.013915 | N10: =DOE_27_FixedCone!AU10 -> 11.828
A11: =DOE_27_FixedCone!A11 -> 8 | B11: =DOE_27_FixedCone!C11 -> 291.15 | C11: =DOE_27_FixedCone!E11 -> 8 | D11: =DOE_27_FixedCone!H11 -> 745.35 | E11: =DOE_27_FixedCone!I11 -> 2500 | F11: =DOE_27_FixedCone!J11 -> 204000 | G11: =DOE_27_FixedCone!K11 -> 360 | H11: =DOE_27_FixedCone!AD11 -> 1239.9598 | I11: =DOE_27_FixedCone!AI11 -> 1674.9186 | J11: =DOE_27_FixedCone!AN11 -> 1348.2148 | K11: =DOE_27_FixedCone!AS11 -> 1653.9253 | L11: =DOE_27_FixedCone!AV11 -> 1348.2148 | M11: =DOE_27_FixedCone!AT11 -> 0.013337 | N11: =DOE_27_FixedCone!AU11 -> 11.337
A12: =DOE_27_FixedCone!A12 -> 9 | B12: =DOE_27_FixedCone!C12 -> 291.15 | C12: =DOE_27_FixedCone!E12 -> 8 | D12: =DOE_27_FixedCone!H12 -> 778.87 | E12: =DOE_27_FixedCone!I12 -> 2500 | F12: =DOE_27_FixedCone!J12 -> 204000 | G12: =DOE_27_FixedCone!K12 -> 90 | H12: =DOE_27_FixedCone!AD12 -> 1292.6898 | I12: =DOE_27_FixedCone!AI12 -> 1725.615 | J12: =DOE_27_FixedCone!AN12 -> 1400.829 | K12: =DOE_27_FixedCone!AS12 -> 1706.5468 | L12: =DOE_27_FixedCone!AV12 -> 1400.829 | M12: =DOE_27_FixedCone!AT12 -> 0.012785 | N12: =DOE_27_FixedCone!AU12 -> 10.868
A13: =DOE_27_FixedCone!A13 -> 10 | B13: =DOE_27_FixedCone!C13 -> 294.15 | C13: =DOE_27_FixedCone!E13 -> 3 | D13: =DOE_27_FixedCone!H13 -> 699.78 | E13: =DOE_27_FixedCone!I13 -> 2500 | F13: =DOE_27_FixedCone!J13 -> 204000 | G13: =DOE_27_FixedCone!K13 -> 135 | H13: =DOE_27_FixedCone!AD13 -> 2497.6928 | I13: =DOE_27_FixedCone!AI13 -> 3399.8503 | J13: =DOE_27_FixedCone!AN13 -> 2605.9243 | K13: =DOE_27_FixedCone!AS13 -> 2911.6004 | L13: =DOE_27_FixedCone!AV13 -> 2605.9243 | M13: =DOE_27_FixedCone!AT13 -> 0 | N13: =DOE_27_FixedCone!AU13 -> 0
A14: =DOE_27_FixedCone!A14 -> 11 | B14: =DOE_27_FixedCone!C14 -> 294.15 | C14: =DOE_27_FixedCone!E14 -> 3 | D14: =DOE_27_FixedCone!H14 -> 745.35 | E14: =DOE_27_FixedCone!I14 -> 2500 | F14: =DOE_27_FixedCone!J14 -> 204000 | G14: =DOE_27_FixedCone!K14 -> 360 | H14: =DOE_27_FixedCone!AD14 -> 2653.3297 | I14: =DOE_27_FixedCone!AI14 -> 3548.2908 | J14: =DOE_27_FixedCone!AN14 -> 2761.5454 | K14: =DOE_27_FixedCone!AS14 -> 3063.311 | L14: =DOE_27_FixedCone!AV14 -> 2761.5454 | M14: =DOE_27_FixedCone!AT14 -> 0 | N14: =DOE_27_FixedCone!AU14 -> 0
A15: =DOE_27_FixedCone!A15 -> 12 | B15: =DOE_27_FixedCone!C15 -> 294.15 | C15: =DOE_27_FixedCone!E15 -> 3 | D15: =DOE_27_FixedCone!H15 -> 778.87 | E15: =DOE_27_FixedCone!I15 -> 2500 | F15: =DOE_27_FixedCone!J15 -> 204000 | G15: =DOE_27_FixedCone!K15 -> 90 | H15: =DOE_27_FixedCone!AD15 -> 2773.6748 | I15: =DOE_27_FixedCone!AI15 -> 3663.373 | J15: =DOE_27_FixedCone!AN15 -> 2881.8375 | K15: =DOE_27_FixedCone!AS15 -> 3183.6153 | L15: =DOE_27_FixedCone!AV15 -> 2881.8375 | M15: =DOE_27_FixedCone!AT15 -> 0 | N15: =DOE_27_FixedCone!AU15 -> 0
... A30: =DOE_27_FixedCone!A30 -> 27 | B30: =DOE_27_FixedCone!C30 -> 297.15 | C30: =DOE_27_FixedCone!E30 -> 8 | D30: =DOE_27_FixedCone!H30 -> 778.87 | E30: =DOE_27_FixedCone!I30 -> 2500 | F30: =DOE_27_FixedCone!J30 -> 204000 | G30: =DOE_27_FixedCone!K30 -> 90 | H30: =DOE_27_FixedCone!AD30 -> 1029.0257 | I30: =DOE_27_FixedCone!AI30 -> 1345.8916 | J30: =DOE_27_FixedCone!AN30 -> 1137.2117 | K30: =DOE_27_FixedCone!AS30 -> 1443.9534 | L30: =DOE_27_FixedCone!AV30 -> 1137.2117 | M30: =DOE_27_FixedCone!AT30 -> 0.014979 | N30: =DOE_27_FixedCone!AU30 -> 12.732

Sheet Source_Register
A1: Source register
A3: Source | B3: Use | C3: Path / URL | D3: Note
A4: CHE447ConeMeltingData (1).xlsx | B4: Experimental ice anchors and cone soaking masses | C4: /mnt/data/CHE447ConeMeltingData (1).xlsx | D4: Used for ice rows and fixed cone thresholds.
A5: Current coupled COMSOL file | B5: Validated cone geometry and calibrated Deff | C5: current whole-cone model | D5: Used for V_ice, V_cone, rho_cone_app, eps_cone, and Deff_cal.
