Workbook

Sheet Inputs
A1: Model Inputs and Constants
A3: Parameter | B3: Value | C3: Unit | D3: Notes
A4: Tinf | B4: 298.15 | C4: K | D4: Ambient temperature
A5: T0 | B5: 263.15 | C5: K | D5: Initial temperature
A6: h_conv | B6: 8 | C6: W/(m^2*K) | D6: External heat-transfer coefficient
A7: t_end | B7: 1800 | C7: s | D7: Final simulation time
A8: R_top_in | B8: 25 | C8: mm | D8: Cone top inner radius
A9: R_tip_in | B9: 2 | C9: mm | D9: Cone tip inner radius
A10: t_cone | B10: 3 | C10: mm | D10: Cone wall thickness
A11: H_cone | B11: 70 | C11: mm | D11: Cone height
A12: R_scoop | B12: 32 | C12: mm | D12: Scoop radius
A13: k_ice | B13: 0.5 | C13: W/(m*K) | D13: Ice cream thermal conductivity
A14: rho_ice | B14: 550 | C14: kg/m^3 | D14: Ice cream density
A15: Cp_ice | B15: 2500 | C15: J/(kg*K) | D15: Ice cream heat capacity
... A26: V_cone | B26: 1.8223e-05 | C26: m^3 | D26: COMSOL cone-wall volume
A29: Derived Constants (Formula Cells)
A31: Parameter | B31: Value | C31: Unit | D31: Notes
A32: m_ice | B32: =B14*B20 -> 0.091069 | C32: kg | D32: Ice cream mass = rho_ice * V_ice
A33: Qreq_melt | B33: =B32*B15*(B19-B5) -> 2276.725 | C33: J | D33: Energy required to heat ice cream from T0 to Tm

Sheet Heat_Raw
A1: Heat Section Raw Data
A3: time_s | B3: E_ice_J | C3: Qreq_line_J | D3: Notes
A4: 0 | B4: 0.010055 | C4: =Inputs!$B$33 -> 2276.725 | D4: COMSOL volume integration of rho_ice*Cp_ice*(T-T0)
A5: 20 | B5: 61.761 | C5: =Inputs!$B$33 -> 2276.725 | D5: COMSOL volume integration of rho_ice*Cp_ice*(T-T0)
A6: 40 | B6: 123.22 | C6: =Inputs!$B$33 -> 2276.725 | D6: COMSOL volume integration of rho_ice*Cp_ice*(T-T0)
A7: 60 | B7: 204.75 | C7: =Inputs!$B$33 -> 2276.725 | D7: COMSOL volume integration of rho_ice*Cp_ice*(T-T0)
A8: 80 | B8: 277.41 | C8: =Inputs!$B$33 -> 2276.725 | D8: COMSOL volume integration of rho_ice*Cp_ice*(T-T0)
A9: 100 | B9: 349.95 | C9: =Inputs!$B$33 -> 2276.725 | D9: COMSOL volume integration of rho_ice*Cp_ice*(T-T0)
A10: 120 | B10: 421.72 | C10: =Inputs!$B$33 -> 2276.725 | D10: COMSOL volume integration of rho_ice*Cp_ice*(T-T0)
A11: 140 | B11: 492.99 | C11: =Inputs!$B$33 -> 2276.725 | D11: COMSOL volume integration of rho_ice*Cp_ice*(T-T0)
A12: 160 | B12: 562.14 | C12: =Inputs!$B$33 -> 2276.725 | D12: COMSOL volume integration of rho_ice*Cp_ice*(T-T0)
A13: 180 | B13: 631.29 | C13: =Inputs!$B$33 -> 2276.725 | D13: COMSOL volume integration of rho_ice*Cp_ice*(T-T0)
A14: 200 | B14: 700.43 | C14: =Inputs!$B$33 -> 2276.725 | D14: COMSOL volume integration of rho_ice*Cp_ice*(T-T0)
A15: 220 | B15: 768.02 | C15: =Inputs!$B$33 -> 2276.725 | D15: COMSOL volume integration of rho_ice*Cp_ice*(T-T0)
... A94: 1800 | B94: 4485.8 | C94: =Inputs!$B$33 -> 2276.725 | D94: COMSOL volume integration of rho_ice*Cp_ice*(T-T0)

Sheet Heat_Extras
A1: Additional Heat Section Outputs
A3: time_s | B3: ht.ntflux_W | C3: heat_in_W | E3: time_s | F3: Point15_K | G3: Point28_K | H3: Point29_K
A4: 0 | B4: -4.7943 | C4: =-B4 -> 4.7943 | E4: 0 | F4: 263.15 | G4: 263.17 | H4: 263.15
A5: 10 | B5: -4.3619 | C5: =-B5 -> 4.3619 | E5: 10 | F5: 264.33 | G5: 267.03 | H5: 264.34
A6: 20 | B6: -4.2914 | C6: =-B6 -> 4.2914 | E6: 20 | F6: 264.84 | G6: 268.2 | H6: 264.84
A7: 30 | B7: -4.3135 | C7: =-B7 -> 4.3135 | E7: 30 | F7: 265.24 | G7: 268.98 | H7: 265.24
A8: 40 | B8: -4.2261 | C8: =-B8 -> 4.2261 | E8: 40 | F8: 265.6 | G8: 269.6 | H8: 265.6
A9: 50 | B9: -4.2148 | C9: =-B9 -> 4.2148 | E9: 50 | F9: 265.93 | G9: 270.12 | H9: 265.93
A10: 60 | B10: -4.1225 | C10: =-B10 -> 4.1225
A11: 70 | B11: -4.1002 | C11: =-B11 -> 4.1002
A12: 80 | B12: -4.0779 | C12: =-B12 -> 4.0779
A13: 90 | B13: -4.0193 | C13: =-B13 -> 4.0193

Sheet Heat_Calc
A1: Heat Section Calculations
A3: time_s | B3: E_ice_J | C3: Qreq_melt_J | D3: Excess_E_J | E3: M_melt_kg | F3: M_melt_g | G3: Threshold_Flag | H3: Free_Liquid_kg | I3: Free_Liquid_g
A4: =Heat_Raw!A4 -> 0 | B4: =Heat_Raw!B4 -> 0.010055 | C4: =Inputs!$B$33 -> 2276.725 | D4: =MAX(0,B4-C4) -> 0 | E4: =D4/Inputs!$B$25 -> 0 | F4: =1000*E4 -> 0 | G4: =IF(B4>=C4,"Melting started","Below threshold") -> Below threshold | H4: {=MAX(0,E4-IFERROR(INDEX(Sogginess_Calc!$E$4:$E$94,MATCH(A4,Sogginess_Calc!$A$4:$A$94,0)),0))} -> 0 | I4: =1000*H4 -> 0
A5: =Heat_Raw!A5 -> 20 | B5: =Heat_Raw!B5 -> 61.761 | C5: =Inputs!$B$33 -> 2276.725 | D5: =MAX(0,B5-C5) -> 0 | E5: =D5/Inputs!$B$25 -> 0 | F5: =1000*E5 -> 0 | G5: =IF(B5>=C5,"Melting started","Below threshold") -> Below threshold | H5: {=MAX(0,E5-IFERROR(INDEX(Sogginess_Calc!$E$4:$E$94,MATCH(A5,Sogginess_Calc!$A$4:$A$94,0)),0))} -> 0 | I5: =1000*H5 -> 0
A6: =Heat_Raw!A6 -> 40 | B6: =Heat_Raw!B6 -> 123.22 | C6: =Inputs!$B$33 -> 2276.725 | D6: =MAX(0,B6-C6) -> 0 | E6: =D6/Inputs!$B$25 -> 0 | F6: =1000*E6 -> 0 | G6: =IF(B6>=C6,"Melting started","Below threshold") -> Below threshold | H6: {=MAX(0,E6-IFERROR(INDEX(Sogginess_Calc!$E$4:$E$94,MATCH(A6,Sogginess_Calc!$A$4:$A$94,0)),0))} -> 0 | I6: =1000*H6 -> 0
A7: =Heat_Raw!A7 -> 60 | B7: =Heat_Raw!B7 -> 204.75 | C7: =Inputs!$B$33 -> 2276.725 | D7: =MAX(0,B7-C7) -> 0 | E7: =D7/Inputs!$B$25 -> 0 | F7: =1000*E7 -> 0 | G7: =IF(B7>=C7,"Melting started","Below threshold") -> Below threshold | H7: {=MAX(0,E7-IFERROR(INDEX(Sogginess_Calc!$E$4:$E$94,MATCH(A7,Sogginess_Calc!$A$4:$A$94,0)),0))} -> 0 | I7: =1000*H7 -> 0
A8: =Heat_Raw!A8 -> 80 | B8: =Heat_Raw!B8 -> 277.41 | C8: =Inputs!$B$33 -> 2276.725 | D8: =MAX(0,B8-C8) -> 0 | E8: =D8/Inputs!$B$25 -> 0 | F8: =1000*E8 -> 0 | G8: =IF(B8>=C8,"Melting started","Below threshold") -> Below threshold | H8: {=MAX(0,E8-IFERROR(INDEX(Sogginess_Calc!$E$4:$E$94,MATCH(A8,Sogginess_Calc!$A$4:$A$94,0)),0))} -> 0 | I8: =1000*H8 -> 0
A9: =Heat_Raw!A9 -> 100 | B9: =Heat_Raw!B9 -> 349.95 | C9: =Inputs!$B$33 -> 2276.725 | D9: =MAX(0,B9-C9) -> 0 | E9: =D9/Inputs!$B$25 -> 0 | F9: =1000*E9 -> 0 | G9: =IF(B9>=C9,"Melting started","Below threshold") -> Below threshold | H9: {=MAX(0,E9-IFERROR(INDEX(Sogginess_Calc!$E$4:$E$94,MATCH(A9,Sogginess_Calc!$A$4:$A$94,0)),0))} -> 0 | I9: =1000*H9 -> 0
A10: =Heat_Raw!A10 -> 120 | B10: =Heat_Raw!B10 -> 421.72 | C10: =Inputs!$B$33 -> 2276.725 | D10: =MAX(0,B10-C10) -> 0 | E10: =D10/Inputs!$B$25 -> 0 | F10: =1000*E10 -> 0 | G10: =IF(B10>=C10,"Melting started","Below threshold") -> Below threshold | H10: {=MAX(0,E10-IFERROR(INDEX(Sogginess_Calc!$E$4:$E$94,MATCH(A10,Sogginess_Calc!$A$4:$A$94,0)),0))} -> 0 | I10: =1000*H10 -> 0
A11: =Heat_Raw!A11 -> 140 | B11: =Heat_Raw!B11 -> 492.99 | C11: =Inputs!$B$33 -> 2276.725 | D11: =MAX(0,B11-C11) -> 0 | E11: =D11/Inputs!$B$25 -> 0 | F11: =1000*E11 -> 0 | G11: =IF(B11>=C11,"Melting started","Below threshold") -> Below threshold | H11: {=MAX(0,E11-IFERROR(INDEX(Sogginess_Calc!$E$4:$E$94,MATCH(A11,Sogginess_Calc!$A$4:$A$94,0)),0))} -> 0 | I11: =1000*H11 -> 0
A12: =Heat_Raw!A12 -> 160 | B12: =Heat_Raw!B12 -> 562.14 | C12: =Inputs!$B$33 -> 2276.725 | D12: =MAX(0,B12-C12) -> 0 | E12: =D12/Inputs!$B$25 -> 0 | F12: =1000*E12 -> 0 | G12: =IF(B12>=C12,"Melting started","Below threshold") -> Below threshold | H12: {=MAX(0,E12-IFERROR(INDEX(Sogginess_Calc!$E$4:$E$94,MATCH(A12,Sogginess_Calc!$A$4:$A$94,0)),0))} -> 0 | I12: =1000*H12 -> 0
A13: =Heat_Raw!A13 -> 180 | B13: =Heat_Raw!B13 -> 631.29 | C13: =Inputs!$B$33 -> 2276.725 | D13: =MAX(0,B13-C13) -> 0 | E13: =D13/Inputs!$B$25 -> 0 | F13: =1000*E13 -> 0 | G13: =IF(B13>=C13,"Melting started","Below threshold") -> Below threshold | H13: {=MAX(0,E13-IFERROR(INDEX(Sogginess_Calc!$E$4:$E$94,MATCH(A13,Sogginess_Calc!$A$4:$A$94,0)),0))} -> 0 | I13: =1000*H13 -> 0
A14: =Heat_Raw!A14 -> 200 | B14: =Heat_Raw!B14 -> 700.43 | C14: =Inputs!$B$33 -> 2276.725 | D14: =MAX(0,B14-C14) -> 0 | E14: =D14/Inputs!$B$25 -> 0 | F14: =1000*E14 -> 0 | G14: =IF(B14>=C14,"Melting started","Below threshold") -> Below threshold | H14: {=MAX(0,E14-IFERROR(INDEX(Sogginess_Calc!$E$4:$E$94,MATCH(A14,Sogginess_Calc!$A$4:$A$94,0)),0))} -> 0 | I14: =1000*H14 -> 0
A15: =Heat_Raw!A15 -> 220 | B15: =Heat_Raw!B15 -> 768.02 | C15: =Inputs!$B$33 -> 2276.725 | D15: =MAX(0,B15-C15) -> 0 | E15: =D15/Inputs!$B$25 -> 0 | F15: =1000*E15 -> 0 | G15: =IF(B15>=C15,"Melting started","Below threshold") -> Below threshold | H15: {=MAX(0,E15-IFERROR(INDEX(Sogginess_Calc!$E$4:$E$94,MATCH(A15,Sogginess_Calc!$A$4:$A$94,0)),0))} -> 0 | I15: =1000*H15 -> 0
... A94: =Heat_Raw!A94 -> 1800 | B94: =Heat_Raw!B94 -> 4485.8 | C94: =Inputs!$B$33 -> 2276.725 | D94: =MAX(0,B94-C94) -> 2209.075 | E94: =D94/Inputs!$B$25 -> 0.0088363 | F94: =1000*E94 -> 8.8363 | G94: =IF(B94>=C94,"Melting started","Below threshold") -> Melting started | H94: {=MAX(0,E94-IFERROR(INDEX(Sogginess_Calc!$E$4:$E$94,MATCH(A94,Sogginess_Calc!$A$4:$A$94,0)),0))} -> 0.00790366 | I94: =1000*H94 -> 7.90366

Sheet Sogginess_Raw
A1: Sogginess Section Raw Data
A3: time_s | B3: sat_int_m3 | C3: V_cone_m3 | D3: M_abs_raw_kg | E3: Notes
A4: 0 | B4: 0 | C4: =Inputs!$B$26 -> 1.8223e-05 | D4: 0 | E4: COMSOL saturation / absorbed-mass output
A5: 20 | B5: 0 | C5: =Inputs!$B$26 -> 1.8223e-05 | D5: 0 | E5: COMSOL saturation / absorbed-mass output
A6: 40 | B6: 0 | C6: =Inputs!$B$26 -> 1.8223e-05 | D6: 0 | E6: COMSOL saturation / absorbed-mass output
A7: 60 | B7: 0 | C7: =Inputs!$B$26 -> 1.8223e-05 | D7: 0 | E7: COMSOL saturation / absorbed-mass output
A8: 80 | B8: 0 | C8: =Inputs!$B$26 -> 1.8223e-05 | D8: 0 | E8: COMSOL saturation / absorbed-mass output
A9: 100 | B9: 0 | C9: =Inputs!$B$26 -> 1.8223e-05 | D9: 0 | E9: COMSOL saturation / absorbed-mass output
A10: 120 | B10: 0 | C10: =Inputs!$B$26 -> 1.8223e-05 | D10: 0 | E10: COMSOL saturation / absorbed-mass output
A11: 140 | B11: 0 | C11: =Inputs!$B$26 -> 1.8223e-05 | D11: 0 | E11: COMSOL saturation / absorbed-mass output
A12: 160 | B12: 0 | C12: =Inputs!$B$26 -> 1.8223e-05 | D12: 0 | E12: COMSOL saturation / absorbed-mass output
A13: 180 | B13: 0 | C13: =Inputs!$B$26 -> 1.8223e-05 | D13: 0 | E13: COMSOL saturation / absorbed-mass output
A14: 200 | B14: 0 | C14: =Inputs!$B$26 -> 1.8223e-05 | D14: 0 | E14: COMSOL saturation / absorbed-mass output
A15: 220 | B15: 0 | C15: =Inputs!$B$26 -> 1.8223e-05 | D15: 0 | E15: COMSOL saturation / absorbed-mass output
... A94: 1800 | B94: 2.3316e-06 | C94: =Inputs!$B$26 -> 1.8223e-05 | D94: 0.00093263 | E94: COMSOL saturation / absorbed-mass output

Sheet Sogginess_Calc
A1: Sogginess Section Calculations
A3: time_s | B3: sat_int_m3 | C3: V_cone_m3 | D3: SI | E3: M_abs_kg | F3: M_abs_g | G3: M_abs_check_diff
A4: =Sogginess_Raw!A4 -> 0 | B4: =Sogginess_Raw!B4 -> 0 | C4: =Sogginess_Raw!C4 -> 1.8223e-05 | D4: =IF(C4=0,0,B4/C4) -> 0 | E4: =Inputs!$B$23*Inputs!$B$22*B4 -> 0 | F4: =1000*E4 -> 0 | G4: =E4-Sogginess_Raw!D4 -> 0
A5: =Sogginess_Raw!A5 -> 20 | B5: =Sogginess_Raw!B5 -> 0 | C5: =Sogginess_Raw!C5 -> 1.8223e-05 | D5: =IF(C5=0,0,B5/C5) -> 0 | E5: =Inputs!$B$23*Inputs!$B$22*B5 -> 0 | F5: =1000*E5 -> 0 | G5: =E5-Sogginess_Raw!D5 -> 0
A6: =Sogginess_Raw!A6 -> 40 | B6: =Sogginess_Raw!B6 -> 0 | C6: =Sogginess_Raw!C6 -> 1.8223e-05 | D6: =IF(C6=0,0,B6/C6) -> 0 | E6: =Inputs!$B$23*Inputs!$B$22*B6 -> 0 | F6: =1000*E6 -> 0 | G6: =E6-Sogginess_Raw!D6 -> 0
A7: =Sogginess_Raw!A7 -> 60 | B7: =Sogginess_Raw!B7 -> 0 | C7: =Sogginess_Raw!C7 -> 1.8223e-05 | D7: =IF(C7=0,0,B7/C7) -> 0 | E7: =Inputs!$B$23*Inputs!$B$22*B7 -> 0 | F7: =1000*E7 -> 0 | G7: =E7-Sogginess_Raw!D7 -> 0
A8: =Sogginess_Raw!A8 -> 80 | B8: =Sogginess_Raw!B8 -> 0 | C8: =Sogginess_Raw!C8 -> 1.8223e-05 | D8: =IF(C8=0,0,B8/C8) -> 0 | E8: =Inputs!$B$23*Inputs!$B$22*B8 -> 0 | F8: =1000*E8 -> 0 | G8: =E8-Sogginess_Raw!D8 -> 0
A9: =Sogginess_Raw!A9 -> 100 | B9: =Sogginess_Raw!B9 -> 0 | C9: =Sogginess_Raw!C9 -> 1.8223e-05 | D9: =IF(C9=0,0,B9/C9) -> 0 | E9: =Inputs!$B$23*Inputs!$B$22*B9 -> 0 | F9: =1000*E9 -> 0 | G9: =E9-Sogginess_Raw!D9 -> 0
A10: =Sogginess_Raw!A10 -> 120 | B10: =Sogginess_Raw!B10 -> 0 | C10: =Sogginess_Raw!C10 -> 1.8223e-05 | D10: =IF(C10=0,0,B10/C10) -> 0 | E10: =Inputs!$B$23*Inputs!$B$22*B10 -> 0 | F10: =1000*E10 -> 0 | G10: =E10-Sogginess_Raw!D10 -> 0
A11: =Sogginess_Raw!A11 -> 140 | B11: =Sogginess_Raw!B11 -> 0 | C11: =Sogginess_Raw!C11 -> 1.8223e-05 | D11: =IF(C11=0,0,B11/C11) -> 0 | E11: =Inputs!$B$23*Inputs!$B$22*B11 -> 0 | F11: =1000*E11 -> 0 | G11: =E11-Sogginess_Raw!D11 -> 0
A12: =Sogginess_Raw!A12 -> 160 | B12: =Sogginess_Raw!B12 -> 0 | C12: =Sogginess_Raw!C12 -> 1.8223e-05 | D12: =IF(C12=0,0,B12/C12) -> 0 | E12: =Inputs!$B$23*Inputs!$B$22*B12 -> 0 | F12: =1000*E12 -> 0 | G12: =E12-Sogginess_Raw!D12 -> 0
A13: =Sogginess_Raw!A13 -> 180 | B13: =Sogginess_Raw!B13 -> 0 | C13: =Sogginess_Raw!C13 -> 1.8223e-05 | D13: =IF(C13=0,0,B13/C13) -> 0 | E13: =Inputs!$B$23*Inputs!$B$22*B13 -> 0 | F13: =1000*E13 -> 0 | G13: =E13-Sogginess_Raw!D13 -> 0
A14: =Sogginess_Raw!A14 -> 200 | B14: =Sogginess_Raw!B14 -> 0 | C14: =Sogginess_Raw!C14 -> 1.8223e-05 | D14: =IF(C14=0,0,B14/C14) -> 0 | E14: =Inputs!$B$23*Inputs!$B$22*B14 -> 0 | F14: =1000*E14 -> 0 | G14: =E14-Sogginess_Raw!D14 -> 0
A15: =Sogginess_Raw!A15 -> 220 | B15: =Sogginess_Raw!B15 -> 0 | C15: =Sogginess_Raw!C15 -> 1.8223e-05 | D15: =IF(C15=0,0,B15/C15) -> 0 | E15: =Inputs!$B$23*Inputs!$B$22*B15 -> 0 | F15: =1000*E15 -> 0 | G15: =E15-Sogginess_Raw!D15 -> 0
... A94: =Sogginess_Raw!A94 -> 1800 | B94: =Sogginess_Raw!B94 -> 2.3316e-06 | C94: =Sogginess_Raw!C94 -> 1.8223e-05 | D94: =IF(C94=0,0,B94/C94) -> 0.1279482 | E94: =Inputs!$B$23*Inputs!$B$22*B94 -> 0.00093264 | F94: =1000*E94 -> 0.93264 | G94: =E94-Sogginess_Raw!D94 -> 1e-08
D95: loss of desirable crispness

Sheet Summary
A1: Key Summary Metrics
A3: Metric | B3: Value | C3: Unit | D3: Comment
A4: Ice cream volume | B4: =Inputs!B20 -> 0.00016558 | C4: m^3 | D4: From COMSOL volume integration
A5: Ice cream mass | B5: =Inputs!B32 -> 0.091069 | C5: kg | D5: rho_ice * V_ice
A6: Energy required to reach Tm | B6: =Inputs!B33 -> 2276.725 | C6: J | D6: Qreq_melt
A7: Cone wall volume | B7: =Inputs!B26 -> 1.8223e-05 | C7: m^3 | D7: From COMSOL volume integration
A10: Melting Onset Calculation (Formula-Based)
A12: Item | B12: Formula / Value | C12: Unit | D12: Explanation
A13: Below-threshold row index | B13: =MATCH(Inputs!B33,Heat_Calc!B4:B94,1) -> 37 | C13: row | D13: Last row where E_ice <= Qreq_melt
A14: t1 | B14: {=INDEX(Heat_Calc!A4:A94,B13)} -> 720 | C14: s | D14: Time just below threshold
A15: E1 | B15: {=INDEX(Heat_Calc!B4:B94,B13)} -> 2235.3 | C15: J | D15: Energy just below threshold
A16: t2 | B16: {=INDEX(Heat_Calc!A4:A94,B13+1)} -> 740 | C16: s | D16: Time just above threshold
A17: E2 | B17: {=INDEX(Heat_Calc!B4:B94,B13+1)} -> 2285.3 | C17: J | D17: Energy just above threshold
A18: Melting onset time | B18: =B14+(Inputs!B33-B15)/(B17-B15)*(B16-B14) -> 736.57 | C18: s | D18: Linear interpolation
A19: Melting onset time | B19: =B18/60 -> 12.276167 | C19: min | D19: Converted to minutes
A21: End-Time Outputs at 1800 s
A23: Metric | B23: Value | C23: Unit | D23: Explanation
A24: E_ice at 1800 s | B24: {=INDEX(Heat_Calc!B4:B94,MATCH(1800,Heat_Calc!A4:A94,0))} -> 4485.8 | C24: J | D24: Sensible energy increase
A25: Melted mass at 1800 s | B25: {=INDEX(Heat_Calc!F4:F94,MATCH(1800,Heat_Calc!A4:A94,0))} -> 8.8363 | C25: g | D25: Energy-based estimate
A26: Absorbed mass at 1800 s | B26: {=INDEX(Sogginess_Calc!F4:F94,MATCH(1800,Sogginess_Calc!A4:A94,0))} -> 0.93264 | C26: g | D26: From sat integral
A27: Sogginess index at 1800 s | B27: {=INDEX(Sogginess_Calc!D4:D94,MATCH(1800,Sogginess_Calc!A4:A94,0))} -> 0.1279482 | C27: - | D27: Average saturation in cone wall
A28: Free liquid at 1800 s | B28: {=INDEX(Heat_Calc!I4:I94,MATCH(1800,Heat_Calc!A4:A94,0))} -> 7.90366 | C28: g | D28: M_melt - M_abs

Sheet Charts
